Workbook
Name XMidpoint: '2025 Scatter Data'!$H$22
Name YMidpoint: '2025 Scatter Data'!$K$22

Sheet 2025 Season All
A1: SEASON TOTAL
A3: Team | B3: Ball Winning | M3: Ball Movement | X3: Scoring | AI3: Defence | AT3: Pressure | BE3: Health Check | BT3: Wheelo Ratings
B4: Post Clear CP Diff | C4: Rank | D4: Ground Ball Diff | E4: Rank | F4: 1st Poss to Clear % | G4: Rank | H4: Clearance Diff | I4: Rank | J4: Ball Winning Ranking | K4: Rank | M4: Def Half to Score % | N4: Rank | O4: Chain to Score % | P4: Rank | Q4: D50 to F50 % | R4: Rank | S4: Kick Rating | T4: Rank | U4: Ball Movement Ranking | V4: Rank | X4: Scores per I50 % | Y4: Rank | Z4: Goals Per I 50 % | AA4: Rank | AB4: Accuracy % | AC4: Rank | AD4: +/- Exp Score | AE4: Rank | AF4: Scoring Ranking | AG4: Rank | AI4: Def Half to Score Ag % | AJ4: Rank | AK4: Chain to Score Ag % | AL4: Rank | AM4: D50 to F50 Ag % | AN4: Rank | AO4: Goals Per I50 Ag % | AP4: Rank | AQ4: Defence Ranking | AR4: Rank | AT4: Tackle Diff | AU4: Rank | AV4: F50 Tackles | AW4: Rank | AX4: Pressure Acts | AY4: Rank | AZ4: 1%'ers | BA4: Rank | BB4: Pressure Ranking | BC4: Rank | BE4: Score from Turnover For | BF4: Rank | BG4: Scores from Turnover Ag | BH4: Rank | BI4: Scores from Stoppages For | BJ4: Rank | BK4: Scores from Stoppage Ag | BL4: Rank | BM4: Territory % | BN4: Rank | BO4: Post-Clearance CP Diff | BP4: Rank | BQ4: Health Check Ranking | BR4: Rank | BT4: Attack Rating | BU4: Rank | BV4: Defence Rating | BW4: Rank | BX4: Overall Rating | BY4: Rank
A5: Adelaide | B5: =VLOOKUP($A5,'2025'!$A:$IZ,222,FALSE) -> 7.08 | C5: =RANK(B5,B$5:B$22) -> 1 | D5: =VLOOKUP($A5,'2025'!$A:$IZ,218,FALSE) -> -0.96 | E5: =RANK(D5,D$5:D$22) -> 12 | F5: =VLOOKUP($A5,'2025'!$A:$IZ,49,FALSE) -> 76.529 | G5: =RANK(F5,F$5:F$22) -> 4 | H5: =VLOOKUP($A5,'2025'!$A:$IZ,229,FALSE) -> -1.88 | I5: =RANK(H5,H$5:H$22) -> 12 | J5: =104-(C5+E5+G5+I5) -> 75 | K5: =RANK(J5,J$5:J$22) -> 5 | M5: =VLOOKUP($A5,'2025'!$A:$IZ,88,FALSE) -> 12.764 | N5: =RANK(M5,M$5:M$22) -> 10 | O5: =VLOOKUP($A5,'2025'!$A:$IZ,84,FALSE) -> 20.703 | P5: =RANK(O5,O$5:O$22) -> 11 | Q5: =VLOOKUP($A5,'2025'!$A:$IZ,85,FALSE) -> 21.095 | R5: =RANK(Q5,Q$5:Q$22) -> 12 | S5: =VLOOKUP($A5,'2025'!$A:$IZ,29,FALSE) -> 2.136 | T5: =RANK(S5,S$5:S$22) -> 5 | U5: =104-(N5+P5+R5+T5) -> 66 | V5: =RANK(U5,U$5:U$22) -> 10 | X5: =VLOOKUP($A5,'2025'!$A:$IZ,65,FALSE) -> 46.033 | Y5: =RANK(X5,X$5:X$22) -> 4 | Z5: =VLOOKUP($A5,'2025'!$A:$IZ,64,FALSE) -> 26.722 | AA5: =RANK(Z5,Z$5:Z$22) -> 3 | AB5: =VLOOKUP($A5,'2025'!$A:$IZ,63,FALSE) -> 52.5 | AC5: =RANK(AB5,AB$5:AB$22) -> 2 | AD5: =VLOOKUP($A5,'2025'!$A:$IZ,71,FALSE) -> 6.067 | AE5: =RANK(AD5,AD$5:AD$22) -> 1 | AF5: =104-(Y5+AA5+AC5+AE5) -> 94 | AG5: =RANK(AF5,AF$5:AF$22) -> 2 | AI5: =VLOOKUP($A5,'2025'!$A:$IZ,183,FALSE) -> 7.039 | AJ5: =RANK(AI5,AI$5:AI$22,1) -> 1 | AK5: =VLOOKUP($A5,'2025'!$A:$IZ,181,FALSE) -> 17.787 | AL5: =RANK(AK5,AK$5:AK$22,1) -> 2 | AM5: =VLOOKUP($A5,'2025'!$A:$IZ,182,FALSE) -> 18.201 | AN5: =RANK(AM5,AM$5:AM$22,1) -> 1 | AO5: =VLOOKUP($A5,'2025'!$A:$IZ,163,FALSE) -> 20.346 | AP5: =RANK(AO5,AO$5:AO$22,1) -> 1 | AQ5: =104-(AJ5+AL5+AN5+AP5) -> 99 | AR5: =RANK(AQ5,AQ$5:AQ$22) -> 1 | AT5: =VLOOKUP($A5,'2025'!$A:$IZ,250,FALSE) -> 3.72 | AU5: =RANK(AT5,AT$5:AT$22,0) -> 4 | AV5: =VLOOKUP($A5,'2025'!$A:$IZ,92,FALSE) -> 9.72 | AW5: =RANK(AV5,AV$5:AV$22,0) -> 16 | AX5: =VLOOKUP($A5,'2025'!$A:$IZ,93,FALSE) -> 270.88 | AY5: =RANK(AX5,AX$5:AX$22,0) -> 7 | AZ5: =VLOOKUP($A5,'2025'!$A:$IZ,108,FALSE) -> 43.96 | BA5: =RANK(AZ5,AZ$5:AZ$22,0) -> 5 | BB5: =104-(AU5+AW5+AY5+BA5) -> 72 | BC5: =RANK(BB5,BB$5:BB$22) -> 6 | BE5: =VLOOKUP($A5,'2025'!$A:$IZ,80,FALSE) -> 57.6 | BF5: =RANK(BE5,BE$5:BE$22) -> 2 | BG5: =VLOOKUP($A5,'2025'!$A:$IZ,177,FALSE) -> 40.72 | BH5: =RANK(BG5,BG$5:BG$22,1) -> 3 | BI5: =VLOOKUP($A5,'2025'!$A:$IZ,79,FALSE) -> 34.36 | BJ5: =RANK(BI5,BI$5:BI$22) -> 8 | BK5: =VLOOKUP($A5,'2025'!$A:$IZ,176,FALSE) -> 28.8 | BL5: =RANK(BK5,BK$5:BK$22,1) -> 1 | BM5: =VLOOKUP($A5,'2025'!$A:$IZ,11,FALSE) -> 50.839 | BN5: =RANK(BM5,BM$5:BM$22) -> 9 | BO5: =VLOOKUP($A5,'2025'!$A:$IZ,222,FALSE) -> 7.08 | BP5: =RANK(BO5,BO$5:BO$22) -> 1 | BQ5: =106-(BF5+BH5+BN5+BP5+BJ5+BL5) -> 82 | BR5: =RANK(BQ5,BQ$5:BQ$22) -> 3 | BT5: =VLOOKUP($A5,'Ratings Season'!$A:$M,10,FALSE) -> 9.4 | BU5: =RANK(BT5,BT$5:BT$22) -> 3 | BV5: =VLOOKUP($A5,'Ratings Season'!$A:$M,12,FALSE) -> 8.9 | BW5: =RANK(BV5,BV$5:BV$22) -> 4 | BX5: =VLOOKUP($A5,'Ratings Season'!$A:$M,8,FALSE) -> 18.2 | BY5: =RANK(BX5,BX$5:BX$22) -> 4
A6: Brisbane | B6: =VLOOKUP($A6,'2025'!$A:$IZ,222,FALSE) -> -0.852 | C6: =RANK(B6,B$5:B$22) -> 12 | D6: =VLOOKUP($A6,'2025'!$A:$IZ,218,FALSE) -> 3.556 | E6: =RANK(D6,D$5:D$22) -> 4 | F6: =VLOOKUP($A6,'2025'!$A:$IZ,49,FALSE) -> 76.636 | G6: =RANK(F6,F$5:F$22) -> 3 | H6: =VLOOKUP($A6,'2025'!$A:$IZ,229,FALSE) -> 5.259 | I6: =RANK(H6,H$5:H$22) -> 2 | J6: =104-(C6+E6+G6+I6) -> 83 | K6: =RANK(J6,J$5:J$22) -> 2 | M6: =VLOOKUP($A6,'2025'!$A:$IZ,88,FALSE) -> 14.914 | N6: =RANK(M6,M$5:M$22) -> 3 | O6: =VLOOKUP($A6,'2025'!$A:$IZ,84,FALSE) -> 22.226 | P6: =RANK(O6,O$5:O$22) -> 4 | Q6: =VLOOKUP($A6,'2025'!$A:$IZ,85,FALSE) -> 26.347 | R6: =RANK(Q6,Q$5:Q$22) -> 3 | S6: =VLOOKUP($A6,'2025'!$A:$IZ,29,FALSE) -> 1.716 | T6: =RANK(S6,S$5:S$22) -> 7 | U6: =104-(N6+P6+R6+T6) -> 87 | V6: =RANK(U6,U$5:U$22) -> 3 | X6: =VLOOKUP($A6,'2025'!$A:$IZ,65,FALSE) -> 44.488 | Y6: =RANK(X6,X$5:X$22) -> 10 | Z6: =VLOOKUP($A6,'2025'!$A:$IZ,64,FALSE) -> 23.157 | AA6: =RANK(Z6,Z$5:Z$22) -> 11 | AB6: =VLOOKUP($A6,'2025'!$A:$IZ,63,FALSE) -> 46.588 | AC6: =RANK(AB6,AB$5:AB$22) -> 12 | AD6: =VLOOKUP($A6,'2025'!$A:$IZ,71,FALSE) -> -1.863 | AE6: =RANK(AD6,AD$5:AD$22) -> 15 | AF6: =104-(Y6+AA6+AC6+AE6) -> 56 | AG6: =RANK(AF6,AF$5:AF$22) -> 11 | AI6: =VLOOKUP($A6,'2025'!$A:$IZ,183,FALSE) -> 9.122 | AJ6: =RANK(AI6,AI$5:AI$22,1) -> 9 | AK6: =VLOOKUP($A6,'2025'!$A:$IZ,181,FALSE) -> 19.476 | AL6: =RANK(AK6,AK$5:AK$22,1) -> 7 | AM6: =VLOOKUP($A6,'2025'!$A:$IZ,182,FALSE) -> 24.441 | AN6: =RANK(AM6,AM$5:AM$22,1) -> 14 | AO6: =VLOOKUP($A6,'2025'!$A:$IZ,163,FALSE) -> 22.657 | AP6: =RANK(AO6,AO$5:AO$22,1) -> 7 | AQ6: =104-(AJ6+AL6+AN6+AP6) -> 67 | AR6: =RANK(AQ6,AQ$5:AQ$22) -> 12 | AT6: =VLOOKUP($A6,'2025'!$A:$IZ,250,FALSE) -> 1.778 | AU6: =RANK(AT6,AT$5:AT$22,0) -> 7 | AV6: =VLOOKUP($A6,'2025'!$A:$IZ,92,FALSE) -> 11.704 | AW6: =RANK(AV6,AV$5:AV$22,0) -> 4 | AX6: =VLOOKUP($A6,'2025'!$A:$IZ,93,FALSE) -> 265.407 | AY6: =RANK(AX6,AX$5:AX$22,0) -> 12 | AZ6: =VLOOKUP($A6,'2025'!$A:$IZ,108,FALSE) -> 46.407 | BA6: =RANK(AZ6,AZ$5:AZ$22,0) -> 2 | BB6: =104-(AU6+AW6+AY6+BA6) -> 79 | BC6: =RANK(BB6,BB$5:BB$22) -> 2 | BE6: =VLOOKUP($A6,'2025'!$A:$IZ,80,FALSE) -> 52.111 | BF6: =RANK(BE6,BE$5:BE$22) -> 4 | BG6: =VLOOKUP($A6,'2025'!$A:$IZ,177,FALSE) -> 40.815 | BH6: =RANK(BG6,BG$5:BG$22,1) -> 4 | BI6: =VLOOKUP($A6,'2025'!$A:$IZ,79,FALSE) -> 35.296 | BJ6: =RANK(BI6,BI$5:BI$22) -> 7 | BK6: =VLOOKUP($A6,'2025'!$A:$IZ,176,FALSE) -> 33.185 | BL6: =RANK(BK6,BK$5:BK$22,1) -> 11 | BM6: =VLOOKUP($A6,'2025'!$A:$IZ,11,FALSE) -> 51.175 | BN6: =RANK(BM6,BM$5:BM$22) -> 6 | BO6: =VLOOKUP($A6,'2025'!$A:$IZ,222,FALSE) -> -0.852 | BP6: =RANK(BO6,BO$5:BO$22) -> 12 | BQ6: =106-(BF6+BH6+BN6+BP6+BJ6+BL6) -> 62 | BR6: =RANK(BQ6,BQ$5:BQ$22) -> 6 | BT6: =VLOOKUP($A6,'Ratings Season'!$A:$M,10,FALSE) -> 9.2 | BU6: =RANK(BT6,BT$5:BT$22) -> 4 | BV6: =VLOOKUP($A6,'Ratings Season'!$A:$M,12,FALSE) -> 9.7 | BW6: =RANK(BV6,BV$5:BV$22) -> 2 | BX6: =VLOOKUP($A6,'Ratings Season'!$A:$M,8,FALSE) -> 18.8 | BY6: =RANK(BX6,BX$5:BX$22) -> 3
A7: Carlton | B7: =VLOOKUP($A7,'2025'!$A:$IZ,222,FALSE) -> 2.565 | C7: =RANK(B7,B$5:B$22) -> 5 | D7: =VLOOKUP($A7,'2025'!$A:$IZ,218,FALSE) -> 2.913 | E7: =RANK(D7,D$5:D$22) -> 5 | F7: =VLOOKUP($A7,'2025'!$A:$IZ,49,FALSE) -> 73.099 | G7: =RANK(F7,F$5:F$22) -> 15 | H7: =VLOOKUP($A7,'2025'!$A:$IZ,229,FALSE) -> 3.609 | I7: =RANK(H7,H$5:H$22) -> 3 | J7: =104-(C7+E7+G7+I7) -> 76 | K7: =RANK(J7,J$5:J$22) -> 4 | M7: =VLOOKUP($A7,'2025'!$A:$IZ,88,FALSE) -> 11.828 | N7: =RANK(M7,M$5:M$22) -> 13 | O7: =VLOOKUP($A7,'2025'!$A:$IZ,84,FALSE) -> 19.429 | P7: =RANK(O7,O$5:O$22) -> 13 | Q7: =VLOOKUP($A7,'2025'!$A:$IZ,85,FALSE) -> 25.68 | R7: =RANK(Q7,Q$5:Q$22) -> 4 | S7: =VLOOKUP($A7,'2025'!$A:$IZ,29,FALSE) -> -0.947 | T7: =RANK(S7,S$5:S$22) -> 16 | U7: =104-(N7+P7+R7+T7) -> 58 | V7: =RANK(U7,U$5:U$22) -> 13 | X7: =VLOOKUP($A7,'2025'!$A:$IZ,65,FALSE) -> 40.876 | Y7: =RANK(X7,X$5:X$22) -> 16 | Z7: =VLOOKUP($A7,'2025'!$A:$IZ,64,FALSE) -> 21.006 | AA7: =RANK(Z7,Z$5:Z$22) -> 15 | AB7: =VLOOKUP($A7,'2025'!$A:$IZ,63,FALSE) -> 46.92 | AC7: =RANK(AB7,AB$5:AB$22) -> 10 | AD7: =VLOOKUP($A7,'2025'!$A:$IZ,71,FALSE) -> -1.806 | AE7: =RANK(AD7,AD$5:AD$22) -> 14 | AF7: =104-(Y7+AA7+AC7+AE7) -> 49 | AG7: =RANK(AF7,AF$5:AF$22) -> 14 | AI7: =VLOOKUP($A7,'2025'!$A:$IZ,183,FALSE) -> 8.559 | AJ7: =RANK(AI7,AI$5:AI$22,1) -> 3 | AK7: =VLOOKUP($A7,'2025'!$A:$IZ,181,FALSE) -> 19.364 | AL7: =RANK(AK7,AK$5:AK$22,1) -> 6 | AM7: =VLOOKUP($A7,'2025'!$A:$IZ,182,FALSE) -> 22.002 | AN7: =RANK(AM7,AM$5:AM$22,1) -> 8 | AO7: =VLOOKUP($A7,'2025'!$A:$IZ,163,FALSE) -> 24.421 | AP7: =RANK(AO7,AO$5:AO$22,1) -> 11 | AQ7: =104-(AJ7+AL7+AN7+AP7) -> 76 | AR7: =RANK(AQ7,AQ$5:AQ$22) -> 6 | AT7: =VLOOKUP($A7,'2025'!$A:$IZ,250,FALSE) -> 0.217 | AU7: =RANK(AT7,AT$5:AT$22,0) -> 10 | AV7: =VLOOKUP($A7,'2025'!$A:$IZ,92,FALSE) -> 11.652 | AW7: =RANK(AV7,AV$5:AV$22,0) -> 6 | AX7: =VLOOKUP($A7,'2025'!$A:$IZ,93,FALSE) -> 272.217 | AY7: =RANK(AX7,AX$5:AX$22,0) -> 6 | AZ7: =VLOOKUP($A7,'2025'!$A:$IZ,108,FALSE) -> 43.217 | BA7: =RANK(AZ7,AZ$5:AZ$22,0) -> 8 | BB7: =104-(AU7+AW7+AY7+BA7) -> 74 | BC7: =RANK(BB7,BB$5:BB$22) -> 4 | BE7: =VLOOKUP($A7,'2025'!$A:$IZ,80,FALSE) -> 42.696 | BF7: =RANK(BE7,BE$5:BE$22) -> 13 | BG7: =VLOOKUP($A7,'2025'!$A:$IZ,177,FALSE) -> 44.087 | BH7: =RANK(BG7,BG$5:BG$22,1) -> 8 | BI7: =VLOOKUP($A7,'2025'!$A:$IZ,79,FALSE) -> 32.304 | BJ7: =RANK(BI7,BI$5:BI$22) -> 12 | BK7: =VLOOKUP($A7,'2025'!$A:$IZ,176,FALSE) -> 32.043 | BL7: =RANK(BK7,BK$5:BK$22,1) -> 7 | BM7: =VLOOKUP($A7,'2025'!$A:$IZ,11,FALSE) -> 51.102 | BN7: =RANK(BM7,BM$5:BM$22) -> 7 | BO7: =VLOOKUP($A7,'2025'!$A:$IZ,222,FALSE) -> 2.565 | BP7: =RANK(BO7,BO$5:BO$22) -> 5 | BQ7: =106-(BF7+BH7+BN7+BP7+BJ7+BL7) -> 54 | BR7: =RANK(BQ7,BQ$5:BQ$22) -> 8 | BT7: =VLOOKUP($A7,'Ratings Season'!$A:$M,10,FALSE) -> -6.7 | BU7: =RANK(BT7,BT$5:BT$22) -> 14 | BV7: =VLOOKUP($A7,'Ratings Season'!$A:$M,12,FALSE) -> 4.1 | BW7: =RANK(BV7,BV$5:BV$22) -> 8 | BX7: =VLOOKUP($A7,'Ratings Season'!$A:$M,8,FALSE) -> -2.6 | BY7: =RANK(BX7,BX$5:BX$22) -> 10
A8: Collingwood | B8: =VLOOKUP($A8,'2025'!$A:$IZ,222,FALSE) -> -1.4 | C8: =RANK(B8,B$5:B$22) -> 13 | D8: =VLOOKUP($A8,'2025'!$A:$IZ,218,FALSE) -> -6.16 | E8: =RANK(D8,D$5:D$22) -> 16 | F8: =VLOOKUP($A8,'2025'!$A:$IZ,49,FALSE) -> 72.271 | G8: =RANK(F8,F$5:F$22) -> 17 | H8: =VLOOKUP($A8,'2025'!$A:$IZ,229,FALSE) -> -2.16 | I8: =RANK(H8,H$5:H$22) -> 14 | J8: =104-(C8+E8+G8+I8) -> 44 | K8: =RANK(J8,J$5:J$22) -> 15 | M8: =VLOOKUP($A8,'2025'!$A:$IZ,88,FALSE) -> 12.692 | N8: =RANK(M8,M$5:M$22) -> 11 | O8: =VLOOKUP($A8,'2025'!$A:$IZ,84,FALSE) -> 21.47 | P8: =RANK(O8,O$5:O$22) -> 5 | Q8: =VLOOKUP($A8,'2025'!$A:$IZ,85,FALSE) -> 21.922 | R8: =RANK(Q8,Q$5:Q$22) -> 10 | S8: =VLOOKUP($A8,'2025'!$A:$IZ,29,FALSE) -> -0.004 | T8: =RANK(S8,S$5:S$22) -> 11 | U8: =104-(N8+P8+R8+T8) -> 67 | V8: =RANK(U8,U$5:U$22) -> 9 | X8: =VLOOKUP($A8,'2025'!$A:$IZ,65,FALSE) -> 45.256 | Y8: =RANK(X8,X$5:X$22) -> 6 | Z8: =VLOOKUP($A8,'2025'!$A:$IZ,64,FALSE) -> 23.193 | AA8: =RANK(Z8,Z$5:Z$22) -> 10 | AB8: =VLOOKUP($A8,'2025'!$A:$IZ,63,FALSE) -> 46.88 | AC8: =RANK(AB8,AB$5:AB$22) -> 11 | AD8: =VLOOKUP($A8,'2025'!$A:$IZ,71,FALSE) -> 0.577 | AE8: =RANK(AD8,AD$5:AD$22) -> 7 | AF8: =104-(Y8+AA8+AC8+AE8) -> 70 | AG8: =RANK(AF8,AF$5:AF$22) -> 8 | AI8: =VLOOKUP($A8,'2025'!$A:$IZ,183,FALSE) -> 9.481 | AJ8: =RANK(AI8,AI$5:AI$22,1) -> 12 | AK8: =VLOOKUP($A8,'2025'!$A:$IZ,181,FALSE) -> 17.353 | AL8: =RANK(AK8,AK$5:AK$22,1) -> 1 | AM8: =VLOOKUP($A8,'2025'!$A:$IZ,182,FALSE) -> 22.388 | AN8: =RANK(AM8,AM$5:AM$22,1) -> 10 | AO8: =VLOOKUP($A8,'2025'!$A:$IZ,163,FALSE) -> 21.423 | AP8: =RANK(AO8,AO$5:AO$22,1) -> 4 | AQ8: =104-(AJ8+AL8+AN8+AP8) -> 77 | AR8: =RANK(AQ8,AQ$5:AQ$22) -> 5 | AT8: =VLOOKUP($A8,'2025'!$A:$IZ,250,FALSE) -> 12.44 | AU8: =RANK(AT8,AT$5:AT$22,0) -> 1 | AV8: =VLOOKUP($A8,'2025'!$A:$IZ,92,FALSE) -> 13 | AW8: =RANK(AV8,AV$5:AV$22,0) -> 2 | AX8: =VLOOKUP($A8,'2025'!$A:$IZ,93,FALSE) -> 274.68 | AY8: =RANK(AX8,AX$5:AX$22,0) -> 4 | AZ8: =VLOOKUP($A8,'2025'!$A:$IZ,108,FALSE) -> 44.56 | BA8: =RANK(AZ8,AZ$5:AZ$22,0) -> 4 | BB8: =104-(AU8+AW8+AY8+BA8) -> 93 | BC8: =RANK(BB8,BB$5:BB$22) -> 1 | BE8: =VLOOKUP($A8,'2025'!$A:$IZ,80,FALSE) -> 51.36 | BF8: =RANK(BE8,BE$5:BE$22) -> 5 | BG8: =VLOOKUP($A8,'2025'!$A:$IZ,177,FALSE) -> 34.84 | BH8: =RANK(BG8,BG$5:BG$22,1) -> 1 | BI8: =VLOOKUP($A8,'2025'!$A:$IZ,79,FALSE) -> 31.6 | BJ8: =RANK(BI8,BI$5:BI$22) -> 15 | BK8: =VLOOKUP($A8,'2025'!$A:$IZ,176,FALSE) -> 32.36 | BL8: =RANK(BK8,BK$5:BK$22,1) -> 8 | BM8: =VLOOKUP($A8,'2025'!$A:$IZ,11,FALSE) -> 53.265 | BN8: =RANK(BM8,BM$5:BM$22) -> 2 | BO8: =VLOOKUP($A8,'2025'!$A:$IZ,222,FALSE) -> -1.4 | BP8: =RANK(BO8,BO$5:BO$22) -> 13 | BQ8: =106-(BF8+BH8+BN8+BP8+BJ8+BL8) -> 62 | BR8: =RANK(BQ8,BQ$5:BQ$22) -> 6 | BT8: =VLOOKUP($A8,'Ratings Season'!$A:$M,10,FALSE) -> 3.3 | BU8: =RANK(BT8,BT$5:BT$22) -> 8 | BV8: =VLOOKUP($A8,'Ratings Season'!$A:$M,12,FALSE) -> 14.3 | BW8: =RANK(BV8,BV$5:BV$22) -> 1 | BX8: =VLOOKUP($A8,'Ratings Season'!$A:$M,8,FALSE) -> 17.6 | BY8: =RANK(BX8,BX$5:BX$22) -> 5
A9: Essendon | B9: =VLOOKUP($A9,'2025'!$A:$IZ,222,FALSE) -> 0.522 | C9: =RANK(B9,B$5:B$22) -> 8 | D9: =VLOOKUP($A9,'2025'!$A:$IZ,218,FALSE) -> 1.565 | E9: =RANK(D9,D$5:D$22) -> 7 | F9: =VLOOKUP($A9,'2025'!$A:$IZ,49,FALSE) -> 74.505 | G9: =RANK(F9,F$5:F$22) -> 10 | H9: =VLOOKUP($A9,'2025'!$A:$IZ,229,FALSE) -> -1.174 | I9: =RANK(H9,H$5:H$22) -> 11 | J9: =104-(C9+E9+G9+I9) -> 68 | K9: =RANK(J9,J$5:J$22) -> 11 | M9: =VLOOKUP($A9,'2025'!$A:$IZ,88,FALSE) -> 10.392 | N9: =RANK(M9,M$5:M$22) -> 17 | O9: =VLOOKUP($A9,'2025'!$A:$IZ,84,FALSE) -> 17.543 | P9: =RANK(O9,O$5:O$22) -> 17 | Q9: =VLOOKUP($A9,'2025'!$A:$IZ,85,FALSE) -> 20.042 | R9: =RANK(Q9,Q$5:Q$22) -> 17 | S9: =VLOOKUP($A9,'2025'!$A:$IZ,29,FALSE) -> -2.285 | T9: =RANK(S9,S$5:S$22) -> 18 | U9: =104-(N9+P9+R9+T9) -> 35 | V9: =RANK(U9,U$5:U$22) -> 18 | X9: =VLOOKUP($A9,'2025'!$A:$IZ,65,FALSE) -> 40.428 | Y9: =RANK(X9,X$5:X$22) -> 17 | Z9: =VLOOKUP($A9,'2025'!$A:$IZ,64,FALSE) -> 20.446 | AA9: =RANK(Z9,Z$5:Z$22) -> 16 | AB9: =VLOOKUP($A9,'2025'!$A:$IZ,63,FALSE) -> 46.316 | AC9: =RANK(AB9,AB$5:AB$22) -> 13 | AD9: =VLOOKUP($A9,'2025'!$A:$IZ,71,FALSE) -> -1.429 | AE9: =RANK(AD9,AD$5:AD$22) -> 11 | AF9: =104-(Y9+AA9+AC9+AE9) -> 47 | AG9: =RANK(AF9,AF$5:AF$22) -> 15 | AI9: =VLOOKUP($A9,'2025'!$A:$IZ,183,FALSE) -> 13.373 | AJ9: =RANK(AI9,AI$5:AI$22,1) -> 18 | AK9: =VLOOKUP($A9,'2025'!$A:$IZ,181,FALSE) -> 23.324 | AL9: =RANK(AK9,AK$5:AK$22,1) -> 15 | AM9: =VLOOKUP($A9,'2025'!$A:$IZ,182,FALSE) -> 30.178 | AN9: =RANK(AM9,AM$5:AM$22,1) -> 18 | AO9: =VLOOKUP($A9,'2025'!$A:$IZ,163,FALSE) -> 25.817 | AP9: =RANK(AO9,AO$5:AO$22,1) -> 15 | AQ9: =104-(AJ9+AL9+AN9+AP9) -> 38 | AR9: =RANK(AQ9,AQ$5:AQ$22) -> 16 | AT9: =VLOOKUP($A9,'2025'!$A:$IZ,250,FALSE) -> 3.783 | AU9: =RANK(AT9,AT$5:AT$22,0) -> 3 | AV9: =VLOOKUP($A9,'2025'!$A:$IZ,92,FALSE) -> 8.783 | AW9: =RANK(AV9,AV$5:AV$22,0) -> 17 | AX9: =VLOOKUP($A9,'2025'!$A:$IZ,93,FALSE) -> 272.478 | AY9: =RANK(AX9,AX$5:AX$22,0) -> 5 | AZ9: =VLOOKUP($A9,'2025'!$A:$IZ,108,FALSE) -> 37.565 | BA9: =RANK(AZ9,AZ$5:AZ$22,0) -> 18 | BB9: =104-(AU9+AW9+AY9+BA9) -> 61 | BC9: =RANK(BB9,BB$5:BB$22) -> 12 | BE9: =VLOOKUP($A9,'2025'!$A:$IZ,80,FALSE) -> 36.957 | BF9: =RANK(BE9,BE$5:BE$22) -> 16 | BG9: =VLOOKUP($A9,'2025'!$A:$IZ,177,FALSE) -> 59.348 | BH9: =RANK(BG9,BG$5:BG$22,1) -> 17 | BI9: =VLOOKUP($A9,'2025'!$A:$IZ,79,FALSE) -> 26.826 | BJ9: =RANK(BI9,BI$5:BI$22) -> 16 | BK9: =VLOOKUP($A9,'2025'!$A:$IZ,176,FALSE) -> 31.652 | BL9: =RANK(BK9,BK$5:BK$22,1) -> 6 | BM9: =VLOOKUP($A9,'2025'!$A:$IZ,11,FALSE) -> 46.882 | BN9: =RANK(BM9,BM$5:BM$22) -> 15 | BO9: =VLOOKUP($A9,'2025'!$A:$IZ,222,FALSE) -> 0.522 | BP9: =RANK(BO9,BO$5:BO$22) -> 8 | BQ9: =106-(BF9+BH9+BN9+BP9+BJ9+BL9) -> 28 | BR9: =RANK(BQ9,BQ$5:BQ$22) -> 14 | BT9: =VLOOKUP($A9,'Ratings Season'!$A:$M,10,FALSE) -> -15.5 | BU9: =RANK(BT9,BT$5:BT$22) -> 16 | BV9: =VLOOKUP($A9,'Ratings Season'!$A:$M,12,FALSE) -> -8.3 | BW9: =RANK(BV9,BV$5:BV$22) -> 15 | BX9: =VLOOKUP($A9,'Ratings Season'!$A:$M,8,FALSE) -> -23.8 | BY9: =RANK(BX9,BX$5:BX$22) -> 16
A10: Fremantle | B10: =VLOOKUP($A10,'2025'!$A:$IZ,222,FALSE) -> -1.917 | C10: =RANK(B10,B$5:B$22) -> 14 | D10: =VLOOKUP($A10,'2025'!$A:$IZ,218,FALSE) -> -2.292 | E10: =RANK(D10,D$5:D$22) -> 14 | F10: =VLOOKUP($A10,'2025'!$A:$IZ,49,FALSE) -> 75.852 | G10: =RANK(F10,F$5:F$22) -> 7 | H10: =VLOOKUP($A10,'2025'!$A:$IZ,229,FALSE) -> 1.375 | I10: =RANK(H10,H$5:H$22) -> 7 | J10: =104-(C10+E10+G10+I10) -> 62 | K10: =RANK(J10,J$5:J$22) -> 13 | M10: =VLOOKUP($A10,'2025'!$A:$IZ,88,FALSE) -> 13.674 | N10: =RANK(M10,M$5:M$22) -> 7 | O10: =VLOOKUP($A10,'2025'!$A:$IZ,84,FALSE) -> 21.141 | P10: =RANK(O10,O$5:O$22) -> 8 | Q10: =VLOOKUP($A10,'2025'!$A:$IZ,85,FALSE) -> 21.099 | R10: =RANK(Q10,Q$5:Q$22) -> 11 | S10: =VLOOKUP($A10,'2025'!$A:$IZ,29,FALSE) -> -0.347 | T10: =RANK(S10,S$5:S$22) -> 12 | U10: =104-(N10+P10+R10+T10) -> 66 | V10: =RANK(U10,U$5:U$22) -> 10 | X10: =VLOOKUP($A10,'2025'!$A:$IZ,65,FALSE) -> 44.171 | Y10: =RANK(X10,X$5:X$22) -> 12 | Z10: =VLOOKUP($A10,'2025'!$A:$IZ,64,FALSE) -> 23.791 | AA10: =RANK(Z10,Z$5:Z$22) -> 8 | AB10: =VLOOKUP($A10,'2025'!$A:$IZ,63,FALSE) -> 48.94 | AC10: =RANK(AB10,AB$5:AB$22) -> 8 | AD10: =VLOOKUP($A10,'2025'!$A:$IZ,71,FALSE) -> -0.057 | AE10: =RANK(AD10,AD$5:AD$22) -> 8 | AF10: =104-(Y10+AA10+AC10+AE10) -> 68 | AG10: =RANK(AF10,AF$5:AF$22) -> 10 | AI10: =VLOOKUP($A10,'2025'!$A:$IZ,183,FALSE) -> 9.016 | AJ10: =RANK(AI10,AI$5:AI$22,1) -> 8 | AK10: =VLOOKUP($A10,'2025'!$A:$IZ,181,FALSE) -> 19.512 | AL10: =RANK(AK10,AK$5:AK$22,1) -> 8 | AM10: =VLOOKUP($A10,'2025'!$A:$IZ,182,FALSE) -> 20.829 | AN10: =RANK(AM10,AM$5:AM$22,1) -> 3 | AO10: =VLOOKUP($A10,'2025'!$A:$IZ,163,FALSE) -> 23.43 | AP10: =RANK(AO10,AO$5:AO$22,1) -> 9 | AQ10: =104-(AJ10+AL10+AN10+AP10) -> 76 | AR10: =RANK(AQ10,AQ$5:AQ$22) -> 6 | AT10: =VLOOKUP($A10,'2025'!$A:$IZ,250,FALSE) -> -4.25 | AU10: =RANK(AT10,AT$5:AT$22,0) -> 14 | AV10: =VLOOKUP($A10,'2025'!$A:$IZ,92,FALSE) -> 10.292 | AW10: =RANK(AV10,AV$5:AV$22,0) -> 13 | AX10: =VLOOKUP($A10,'2025'!$A:$IZ,93,FALSE) -> 262.25 | AY10: =RANK(AX10,AX$5:AX$22,0) -> 13 | AZ10: =VLOOKUP($A10,'2025'!$A:$IZ,108,FALSE) -> 45.125 | BA10: =RANK(AZ10,AZ$5:AZ$22,0) -> 3 | BB10: =104-(AU10+AW10+AY10+BA10) -> 61 | BC10: =RANK(BB10,BB$5:BB$22) -> 12 | BE10: =VLOOKUP($A10,'2025'!$A:$IZ,80,FALSE) -> 47.833 | BF10: =RANK(BE10,BE$5:BE$22) -> 9 | BG10: =VLOOKUP($A10,'2025'!$A:$IZ,177,FALSE) -> 43.5 | BH10: =RANK(BG10,BG$5:BG$22,1) -> 7 | BI10: =VLOOKUP($A10,'2025'!$A:$IZ,79,FALSE) -> 33.542 | BJ10: =RANK(BI10,BI$5:BI$22) -> 9 | BK10: =VLOOKUP($A10,'2025'!$A:$IZ,176,FALSE) -> 32.625 | BL10: =RANK(BK10,BK$5:BK$22,1) -> 9 | BM10: =VLOOKUP($A10,'2025'!$A:$IZ,11,FALSE) -> 49.844 | BN10: =RANK(BM10,BM$5:BM$22) -> 11 | BO10: =VLOOKUP($A10,'2025'!$A:$IZ,222,FALSE) -> -1.917 | BP10: =RANK(BO10,BO$5:BO$22) -> 14 | BQ10: =106-(BF10+BH10+BN10+BP10+BJ10+BL10) -> 47 | BR10: =RANK(BQ10,BQ$5:BQ$22) -> 11 | BT10: =VLOOKUP($A10,'Ratings Season'!$A:$M,10,FALSE) -> 0.3 | BU10: =RANK(BT10,BT$5:BT$22) -> 9 | BV10: =VLOOKUP($A10,'Ratings Season'!$A:$M,12,FALSE) -> 5.4 | BW10: =RANK(BV10,BV$5:BV$22) -> 7 | BX10: =VLOOKUP($A10,'Ratings Season'!$A:$M,8,FALSE) -> 5.7 | BY10: =RANK(BX10,BX$5:BX$22) -> 9
A11: Geelong | B11: =VLOOKUP($A11,'2025'!$A:$IZ,222,FALSE) -> 5.731 | C11: =RANK(B11,B$5:B$22) -> 2 | D11: =VLOOKUP($A11,'2025'!$A:$IZ,218,FALSE) -> 3.692 | E11: =RANK(D11,D$5:D$22) -> 3 | F11: =VLOOKUP($A11,'2025'!$A:$IZ,49,FALSE) -> 73.161 | G11: =RANK(F11,F$5:F$22) -> 14 | H11: =VLOOKUP($A11,'2025'!$A:$IZ,229,FALSE) -> 0.038 | I11: =RANK(H11,H$5:H$22) -> 10 | J11: =104-(C11+E11+G11+I11) -> 75 | K11: =RANK(J11,J$5:J$22) -> 5 | M11: =VLOOKUP($A11,'2025'!$A:$IZ,88,FALSE) -> 15.822 | N11: =RANK(M11,M$5:M$22) -> 2 | O11: =VLOOKUP($A11,'2025'!$A:$IZ,84,FALSE) -> 25.087 | P11: =RANK(O11,O$5:O$22) -> 2 | Q11: =VLOOKUP($A11,'2025'!$A:$IZ,85,FALSE) -> 28.661 | R11: =RANK(Q11,Q$5:Q$22) -> 1 | S11: =VLOOKUP($A11,'2025'!$A:$IZ,29,FALSE) -> 4.798 | T11: =RANK(S11,S$5:S$22) -> 1 | U11: =104-(N11+P11+R11+T11) -> 98 | V11: =RANK(U11,U$5:U$22) -> 1 | X11: =VLOOKUP($A11,'2025'!$A:$IZ,65,FALSE) -> 49.658 | Y11: =RANK(X11,X$5:X$22) -> 2 | Z11: =VLOOKUP($A11,'2025'!$A:$IZ,64,FALSE) -> 27.322 | AA11: =RANK(Z11,Z$5:Z$22) -> 2 | AB11: =VLOOKUP($A11,'2025'!$A:$IZ,63,FALSE) -> 51.086 | AC11: =RANK(AB11,AB$5:AB$22) -> 5 | AD11: =VLOOKUP($A11,'2025'!$A:$IZ,71,FALSE) -> 2.598 | AE11: =RANK(AD11,AD$5:AD$22) -> 4 | AF11: =104-(Y11+AA11+AC11+AE11) -> 91 | AG11: =RANK(AF11,AF$5:AF$22) -> 3 | AI11: =VLOOKUP($A11,'2025'!$A:$IZ,183,FALSE) -> 8.77 | AJ11: =RANK(AI11,AI$5:AI$22,1) -> 5 | AK11: =VLOOKUP($A11,'2025'!$A:$IZ,181,FALSE) -> 19.077 | AL11: =RANK(AK11,AK$5:AK$22,1) -> 4 | AM11: =VLOOKUP($A11,'2025'!$A:$IZ,182,FALSE) -> 22.476 | AN11: =RANK(AM11,AM$5:AM$22,1) -> 11 | AO11: =VLOOKUP($A11,'2025'!$A:$IZ,163,FALSE) -> 22.593 | AP11: =RANK(AO11,AO$5:AO$22,1) -> 6 | AQ11: =104-(AJ11+AL11+AN11+AP11) -> 78 | AR11: =RANK(AQ11,AQ$5:AQ$22) -> 4 | AT11: =VLOOKUP($A11,'2025'!$A:$IZ,250,FALSE) -> 2.385 | AU11: =RANK(AT11,AT$5:AT$22,0) -> 6 | AV11: =VLOOKUP($A11,'2025'!$A:$IZ,92,FALSE) -> 14.077 | AW11: =RANK(AV11,AV$5:AV$22,0) -> 1 | AX11: =VLOOKUP($A11,'2025'!$A:$IZ,93,FALSE) -> 278.615 | AY11: =RANK(AX11,AX$5:AX$22,0) -> 2 | AZ11: =VLOOKUP($A11,'2025'!$A:$IZ,108,FALSE) -> 39.385 | BA11: =RANK(AZ11,AZ$5:AZ$22,0) -> 17 | BB11: =104-(AU11+AW11+AY11+BA11) -> 78 | BC11: =RANK(BB11,BB$5:BB$22) -> 3 | BE11: =VLOOKUP($A11,'2025'!$A:$IZ,80,FALSE) -> 59.192 | BF11: =RANK(BE11,BE$5:BE$22) -> 1 | BG11: =VLOOKUP($A11,'2025'!$A:$IZ,177,FALSE) -> 41.808 | BH11: =RANK(BG11,BG$5:BG$22,1) -> 5 | BI11: =VLOOKUP($A11,'2025'!$A:$IZ,79,FALSE) -> 40.962 | BJ11: =RANK(BI11,BI$5:BI$22) -> 2 | BK11: =VLOOKUP($A11,'2025'!$A:$IZ,176,FALSE) -> 31.077 | BL11: =RANK(BK11,BK$5:BK$22,1) -> 5 | BM11: =VLOOKUP($A11,'2025'!$A:$IZ,11,FALSE) -> 53.19 | BN11: =RANK(BM11,BM$5:BM$22) -> 3 | BO11: =VLOOKUP($A11,'2025'!$A:$IZ,222,FALSE) -> 5.731 | BP11: =RANK(BO11,BO$5:BO$22) -> 2 | BQ11: =106-(BF11+BH11+BN11+BP11+BJ11+BL11) -> 88 | BR11: =RANK(BQ11,BQ$5:BQ$22) -> 1 | BT11: =VLOOKUP($A11,'Ratings Season'!$A:$M,10,FALSE) -> 19.2 | BU11: =RANK(BT11,BT$5:BT$22) -> 2 | BV11: =VLOOKUP($A11,'Ratings Season'!$A:$M,12,FALSE) -> 6.4 | BW11: =RANK(BV11,BV$5:BV$22) -> 6 | BX11: =VLOOKUP($A11,'Ratings Season'!$A:$M,8,FALSE) -> 25.6 | BY11: =RANK(BX11,BX$5:BX$22) -> 1
A12: Gold Coast | B12: =VLOOKUP($A12,'2025'!$A:$IZ,222,FALSE) -> -0.04 | C12: =RANK(B12,B$5:B$22) -> 10 | D12: =VLOOKUP($A12,'2025'!$A:$IZ,218,FALSE) -> -1.24 | E12: =RANK(D12,D$5:D$22) -> 13 | F12: =VLOOKUP($A12,'2025'!$A:$IZ,49,FALSE) -> 76.888 | G12: =RANK(F12,F$5:F$22) -> 2 | H12: =VLOOKUP($A12,'2025'!$A:$IZ,229,FALSE) -> 3.28 | I12: =RANK(H12,H$5:H$22) -> 4 | J12: =104-(C12+E12+G12+I12) -> 75 | K12: =RANK(J12,J$5:J$22) -> 5 | M12: =VLOOKUP($A12,'2025'!$A:$IZ,88,FALSE) -> 13.164 | N12: =RANK(M12,M$5:M$22) -> 8 | O12: =VLOOKUP($A12,'2025'!$A:$IZ,84,FALSE) -> 22.468 | P12: =RANK(O12,O$5:O$22) -> 3 | Q12: =VLOOKUP($A12,'2025'!$A:$IZ,85,FALSE) -> 24.867 | R12: =RANK(Q12,Q$5:Q$22) -> 6 | S12: =VLOOKUP($A12,'2025'!$A:$IZ,29,FALSE) -> 1.796 | T12: =RANK(S12,S$5:S$22) -> 6 | U12: =104-(N12+P12+R12+T12) -> 81 | V12: =RANK(U12,U$5:U$22) -> 5 | X12: =VLOOKUP($A12,'2025'!$A:$IZ,65,FALSE) -> 44.744 | Y12: =RANK(X12,X$5:X$22) -> 9 | Z12: =VLOOKUP($A12,'2025'!$A:$IZ,64,FALSE) -> 23.722 | AA12: =RANK(Z12,Z$5:Z$22) -> 9 | AB12: =VLOOKUP($A12,'2025'!$A:$IZ,63,FALSE) -> 50.226 | AC12: =RANK(AB12,AB$5:AB$22) -> 6 | AD12: =VLOOKUP($A12,'2025'!$A:$IZ,71,FALSE) -> 0.684 | AE12: =RANK(AD12,AD$5:AD$22) -> 6 | AF12: =104-(Y12+AA12+AC12+AE12) -> 74 | AG12: =RANK(AF12,AF$5:AF$22) -> 7 | AI12: =VLOOKUP($A12,'2025'!$A:$IZ,183,FALSE) -> 9.701 | AJ12: =RANK(AI12,AI$5:AI$22,1) -> 13 | AK12: =VLOOKUP($A12,'2025'!$A:$IZ,181,FALSE) -> 19.165 | AL12: =RANK(AK12,AK$5:AK$22,1) -> 5 | AM12: =VLOOKUP($A12,'2025'!$A:$IZ,182,FALSE) -> 23.579 | AN12: =RANK(AM12,AM$5:AM$22,1) -> 12 | AO12: =VLOOKUP($A12,'2025'!$A:$IZ,163,FALSE) -> 22.474 | AP12: =RANK(AO12,AO$5:AO$22,1) -> 5 | AQ12: =104-(AJ12+AL12+AN12+AP12) -> 69 | AR12: =RANK(AQ12,AQ$5:AQ$22) -> 10 | AT12: =VLOOKUP($A12,'2025'!$A:$IZ,250,FALSE) -> -3.88 | AU12: =RANK(AT12,AT$5:AT$22,0) -> 13 | AV12: =VLOOKUP($A12,'2025'!$A:$IZ,92,FALSE) -> 11.24 | AW12: =RANK(AV12,AV$5:AV$22,0) -> 8 | AX12: =VLOOKUP($A12,'2025'!$A:$IZ,93,FALSE) -> 266.56 | AY12: =RANK(AX12,AX$5:AX$22,0) -> 11 | AZ12: =VLOOKUP($A12,'2025'!$A:$IZ,108,FALSE) -> 47.52 | BA12: =RANK(AZ12,AZ$5:AZ$22,0) -> 1 | BB12: =104-(AU12+AW12+AY12+BA12) -> 71 | BC12: =RANK(BB12,BB$5:BB$22) -> 8 | BE12: =VLOOKUP($A12,'2025'!$A:$IZ,80,FALSE) -> 48.96 | BF12: =RANK(BE12,BE$5:BE$22) -> 8 | BG12: =VLOOKUP($A12,'2025'!$A:$IZ,177,FALSE) -> 43.04 | BH12: =RANK(BG12,BG$5:BG$22,1) -> 6 | BI12: =VLOOKUP($A12,'2025'!$A:$IZ,79,FALSE) -> 38.92 | BJ12: =RANK(BI12,BI$5:BI$22) -> 3 | BK12: =VLOOKUP($A12,'2025'!$A:$IZ,176,FALSE) -> 29.76 | BL12: =RANK(BK12,BK$5:BK$22,1) -> 2 | BM12: =VLOOKUP($A12,'2025'!$A:$IZ,11,FALSE) -> 52.922 | BN12: =RANK(BM12,BM$5:BM$22) -> 4 | BO12: =VLOOKUP($A12,'2025'!$A:$IZ,222,FALSE) -> -0.04 | BP12: =RANK(BO12,BO$5:BO$22) -> 10 | BQ12: =106-(BF12+BH12+BN12+BP12+BJ12+BL12) -> 73 | BR12: =RANK(BQ12,BQ$5:BQ$22) -> 4 | BT12: =VLOOKUP($A12,'Ratings Season'!$A:$M,10,FALSE) -> 8.4 | BU12: =RANK(BT12,BT$5:BT$22) -> 5 | BV12: =VLOOKUP($A12,'Ratings Season'!$A:$M,12,FALSE) -> 7.5 | BW12: =RANK(BV12,BV$5:BV$22) -> 5 | BX12: =VLOOKUP($A12,'Ratings Season'!$A:$M,8,FALSE) -> 15.9 | BY12: =RANK(BX12,BX$5:BX$22) -> 7
A13: Greater Western Sydney | B13: =VLOOKUP($A13,'2025'!$A:$IZ,222,FALSE) -> 0.417 | C13: =RANK(B13,B$5:B$22) -> 9 | D13: =VLOOKUP($A13,'2025'!$A:$IZ,218,FALSE) -> -0.333 | E13: =RANK(D13,D$5:D$22) -> 11 | F13: =VLOOKUP($A13,'2025'!$A:$IZ,49,FALSE) -> 75.812 | G13: =RANK(F13,F$5:F$22) -> 8 | H13: =VLOOKUP($A13,'2025'!$A:$IZ,229,FALSE) -> -2.083 | I13: =RANK(H13,H$5:H$22) -> 13 | J13: =104-(C13+E13+G13+I13) -> 63 | K13: =RANK(J13,J$5:J$22) -> 12 | M13: =VLOOKUP($A13,'2025'!$A:$IZ,88,FALSE) -> 13.959 | N13: =RANK(M13,M$5:M$22) -> 4 | O13: =VLOOKUP($A13,'2025'!$A:$IZ,84,FALSE) -> 21.369 | P13: =RANK(O13,O$5:O$22) -> 7 | Q13: =VLOOKUP($A13,'2025'!$A:$IZ,85,FALSE) -> 24.59 | R13: =RANK(Q13,Q$5:Q$22) -> 7 | S13: =VLOOKUP($A13,'2025'!$A:$IZ,29,FALSE) -> 2.175 | T13: =RANK(S13,S$5:S$22) -> 4 | U13: =104-(N13+P13+R13+T13) -> 82 | V13: =RANK(U13,U$5:U$22) -> 4 | X13: =VLOOKUP($A13,'2025'!$A:$IZ,65,FALSE) -> 46.57 | Y13: =RANK(X13,X$5:X$22) -> 3 | Z13: =VLOOKUP($A13,'2025'!$A:$IZ,64,FALSE) -> 26.231 | AA13: =RANK(Z13,Z$5:Z$22) -> 4 | AB13: =VLOOKUP($A13,'2025'!$A:$IZ,63,FALSE) -> 51.343 | AC13: =RANK(AB13,AB$5:AB$22) -> 4 | AD13: =VLOOKUP($A13,'2025'!$A:$IZ,71,FALSE) -> 4.308 | AE13: =RANK(AD13,AD$5:AD$22) -> 3 | AF13: =104-(Y13+AA13+AC13+AE13) -> 90 | AG13: =RANK(AF13,AF$5:AF$22) -> 4 | AI13: =VLOOKUP($A13,'2025'!$A:$IZ,183,FALSE) -> 8.215 | AJ13: =RANK(AI13,AI$5:AI$22,1) -> 2 | AK13: =VLOOKUP($A13,'2025'!$A:$IZ,181,FALSE) -> 21.055 | AL13: =RANK(AK13,AK$5:AK$22,1) -> 11 | AM13: =VLOOKUP($A13,'2025'!$A:$IZ,182,FALSE) -> 22.234 | AN13: =RANK(AM13,AM$5:AM$22,1) -> 9 | AO13: =VLOOKUP($A13,'2025'!$A:$IZ,163,FALSE) -> 20.553 | AP13: =RANK(AO13,AO$5:AO$22,1) -> 2 | AQ13: =104-(AJ13+AL13+AN13+AP13) -> 80 | AR13: =RANK(AQ13,AQ$5:AQ$22) -> 3 | AT13: =VLOOKUP($A13,'2025'!$A:$IZ,250,FALSE) -> 7.125 | AU13: =RANK(AT13,AT$5:AT$22,0) -> 2 | AV13: =VLOOKUP($A13,'2025'!$A:$IZ,92,FALSE) -> 10.583 | AW13: =RANK(AV13,AV$5:AV$22,0) -> 12 | AX13: =VLOOKUP($A13,'2025'!$A:$IZ,93,FALSE) -> 261.542 | AY13: =RANK(AX13,AX$5:AX$22,0) -> 15 | AZ13: =VLOOKUP($A13,'2025'!$A:$IZ,108,FALSE) -> 43.958 | BA13: =RANK(AZ13,AZ$5:AZ$22,0) -> 6 | BB13: =104-(AU13+AW13+AY13+BA13) -> 69 | BC13: =RANK(BB13,BB$5:BB$22) -> 9 | BE13: =VLOOKUP($A13,'2025'!$A:$IZ,80,FALSE) -> 49.292 | BF13: =RANK(BE13,BE$5:BE$22) -> 7 | BG13: =VLOOKUP($A13,'2025'!$A:$IZ,177,FALSE) -> 44.75 | BH13: =RANK(BG13,BG$5:BG$22,1) -> 10 | BI13: =VLOOKUP($A13,'2025'!$A:$IZ,79,FALSE) -> 36.542 | BJ13: =RANK(BI13,BI$5:BI$22) -> 5 | BK13: =VLOOKUP($A13,'2025'!$A:$IZ,176,FALSE) -> 33.75 | BL13: =RANK(BK13,BK$5:BK$22,1) -> 12 | BM13: =VLOOKUP($A13,'2025'!$A:$IZ,11,FALSE) -> 47.708 | BN13: =RANK(BM13,BM$5:BM$22) -> 14 | BO13: =VLOOKUP($A13,'2025'!$A:$IZ,222,FALSE) -> 0.417 | BP13: =RANK(BO13,BO$5:BO$22) -> 9 | BQ13: =106-(BF13+BH13+BN13+BP13+BJ13+BL13) -> 49 | BR13: =RANK(BQ13,BQ$5:BQ$22) -> 10 | BT13: =VLOOKUP($A13,'Ratings Season'!$A:$M,10,FALSE) -> 5.9 | BU13: =RANK(BT13,BT$5:BT$22) -> 7 | BV13: =VLOOKUP($A13,'Ratings Season'!$A:$M,12,FALSE) -> 1.2 | BW13: =RANK(BV13,BV$5:BV$22) -> 10 | BX13: =VLOOKUP($A13,'Ratings Season'!$A:$M,8,FALSE) -> 7.1 | BY13: =RANK(BX13,BX$5:BX$22) -> 8
A14: Hawthorn | B14: =VLOOKUP($A14,'2025'!$A:$IZ,222,FALSE) -> 5.038 | C14: =RANK(B14,B$5:B$22) -> 4 | D14: =VLOOKUP($A14,'2025'!$A:$IZ,218,FALSE) -> -0.192 | E14: =RANK(D14,D$5:D$22) -> 10 | F14: =VLOOKUP($A14,'2025'!$A:$IZ,49,FALSE) -> 73.567 | G14: =RANK(F14,F$5:F$22) -> 12 | H14: =VLOOKUP($A14,'2025'!$A:$IZ,229,FALSE) -> -2.654 | I14: =RANK(H14,H$5:H$22) -> 16 | J14: =104-(C14+E14+G14+I14) -> 62 | K14: =RANK(J14,J$5:J$22) -> 13 | M14: =VLOOKUP($A14,'2025'!$A:$IZ,88,FALSE) -> 13.141 | N14: =RANK(M14,M$5:M$22) -> 9 | O14: =VLOOKUP($A14,'2025'!$A:$IZ,84,FALSE) -> 20.794 | P14: =RANK(O14,O$5:O$22) -> 9 | Q14: =VLOOKUP($A14,'2025'!$A:$IZ,85,FALSE) -> 23.048 | R14: =RANK(Q14,Q$5:Q$22) -> 9 | S14: =VLOOKUP($A14,'2025'!$A:$IZ,29,FALSE) -> 3.272 | T14: =RANK(S14,S$5:S$22) -> 3 | U14: =104-(N14+P14+R14+T14) -> 74 | V14: =RANK(U14,U$5:U$22) -> 6 | X14: =VLOOKUP($A14,'2025'!$A:$IZ,65,FALSE) -> 45.309 | Y14: =RANK(X14,X$5:X$22) -> 5 | Z14: =VLOOKUP($A14,'2025'!$A:$IZ,64,FALSE) -> 24.945 | AA14: =RANK(Z14,Z$5:Z$22) -> 6 | AB14: =VLOOKUP($A14,'2025'!$A:$IZ,63,FALSE) -> 50.146 | AC14: =RANK(AB14,AB$5:AB$22) -> 7 | AD14: =VLOOKUP($A14,'2025'!$A:$IZ,71,FALSE) -> 2.396 | AE14: =RANK(AD14,AD$5:AD$22) -> 5 | AF14: =104-(Y14+AA14+AC14+AE14) -> 81 | AG14: =RANK(AF14,AF$5:AF$22) -> 5 | AI14: =VLOOKUP($A14,'2025'!$A:$IZ,183,FALSE) -> 8.829 | AJ14: =RANK(AI14,AI$5:AI$22,1) -> 6 | AK14: =VLOOKUP($A14,'2025'!$A:$IZ,181,FALSE) -> 18.739 | AL14: =RANK(AK14,AK$5:AK$22,1) -> 3 | AM14: =VLOOKUP($A14,'2025'!$A:$IZ,182,FALSE) -> 20.714 | AN14: =RANK(AM14,AM$5:AM$22,1) -> 2 | AO14: =VLOOKUP($A14,'2025'!$A:$IZ,163,FALSE) -> 20.942 | AP14: =RANK(AO14,AO$5:AO$22,1) -> 3 | AQ14: =104-(AJ14+AL14+AN14+AP14) -> 90 | AR14: =RANK(AQ14,AQ$5:AQ$22) -> 2 | AT14: =VLOOKUP($A14,'2025'!$A:$IZ,250,FALSE) -> -4.346 | AU14: =RANK(AT14,AT$5:AT$22,0) -> 15 | AV14: =VLOOKUP($A14,'2025'!$A:$IZ,92,FALSE) -> 11.692 | AW14: =RANK(AV14,AV$5:AV$22,0) -> 5 | AX14: =VLOOKUP($A14,'2025'!$A:$IZ,93,FALSE) -> 278.654 | AY14: =RANK(AX14,AX$5:AX$22,0) -> 1 | AZ14: =VLOOKUP($A14,'2025'!$A:$IZ,108,FALSE) -> 43.192 | BA14: =RANK(AZ14,AZ$5:AZ$22,0) -> 9 | BB14: =104-(AU14+AW14+AY14+BA14) -> 74 | BC14: =RANK(BB14,BB$5:BB$22) -> 4 | BE14: =VLOOKUP($A14,'2025'!$A:$IZ,80,FALSE) -> 49.346 | BF14: =RANK(BE14,BE$5:BE$22) -> 6 | BG14: =VLOOKUP($A14,'2025'!$A:$IZ,177,FALSE) -> 38.962 | BH14: =RANK(BG14,BG$5:BG$22,1) -> 2 | BI14: =VLOOKUP($A14,'2025'!$A:$IZ,79,FALSE) -> 36.077 | BJ14: =RANK(BI14,BI$5:BI$22) -> 6 | BK14: =VLOOKUP($A14,'2025'!$A:$IZ,176,FALSE) -> 33.077 | BL14: =RANK(BK14,BK$5:BK$22,1) -> 10 | BM14: =VLOOKUP($A14,'2025'!$A:$IZ,11,FALSE) -> 51.059 | BN14: =RANK(BM14,BM$5:BM$22) -> 8 | BO14: =VLOOKUP($A14,'2025'!$A:$IZ,222,FALSE) -> 5.038 | BP14: =RANK(BO14,BO$5:BO$22) -> 4 | BQ14: =106-(BF14+BH14+BN14+BP14+BJ14+BL14) -> 70 | BR14: =RANK(BQ14,BQ$5:BQ$22) -> 5 | BT14: =VLOOKUP($A14,'Ratings Season'!$A:$M,10,FALSE) -> 6.9 | BU14: =RANK(BT14,BT$5:BT$22) -> 6 | BV14: =VLOOKUP($A14,'Ratings Season'!$A:$M,12,FALSE) -> 9.2 | BW14: =RANK(BV14,BV$5:BV$22) -> 3 | BX14: =VLOOKUP($A14,'Ratings Season'!$A:$M,8,FALSE) -> 16.1 | BY14: =RANK(BX14,BX$5:BX$22) -> 6
A15: Melbourne | B15: =VLOOKUP($A15,'2025'!$A:$IZ,222,FALSE) -> 5.304 | C15: =RANK(B15,B$5:B$22) -> 3 | D15: =VLOOKUP($A15,'2025'!$A:$IZ,218,FALSE) -> 2.652 | E15: =RANK(D15,D$5:D$22) -> 6 | F15: =VLOOKUP($A15,'2025'!$A:$IZ,49,FALSE) -> 72.325 | G15: =RANK(F15,F$5:F$22) -> 16 | H15: =VLOOKUP($A15,'2025'!$A:$IZ,229,FALSE) -> 0.957 | I15: =RANK(H15,H$5:H$22) -> 9 | J15: =104-(C15+E15+G15+I15) -> 70 | K15: =RANK(J15,J$5:J$22) -> 9 | M15: =VLOOKUP($A15,'2025'!$A:$IZ,88,FALSE) -> 12.595 | N15: =RANK(M15,M$5:M$22) -> 12 | O15: =VLOOKUP($A15,'2025'!$A:$IZ,84,FALSE) -> 21.468 | P15: =RANK(O15,O$5:O$22) -> 6 | Q15: =VLOOKUP($A15,'2025'!$A:$IZ,85,FALSE) -> 24.085 | R15: =RANK(Q15,Q$5:Q$22) -> 8 | S15: =VLOOKUP($A15,'2025'!$A:$IZ,29,FALSE) -> 1.325 | T15: =RANK(S15,S$5:S$22) -> 9 | U15: =104-(N15+P15+R15+T15) -> 69 | V15: =RANK(U15,U$5:U$22) -> 8 | X15: =VLOOKUP($A15,'2025'!$A:$IZ,65,FALSE) -> 45.058 | Y15: =RANK(X15,X$5:X$22) -> 7 | Z15: =VLOOKUP($A15,'2025'!$A:$IZ,64,FALSE) -> 22.323 | AA15: =RANK(Z15,Z$5:Z$22) -> 12 | AB15: =VLOOKUP($A15,'2025'!$A:$IZ,63,FALSE) -> 44.572 | AC15: =RANK(AB15,AB$5:AB$22) -> 16 | AD15: =VLOOKUP($A15,'2025'!$A:$IZ,71,FALSE) -> -3.635 | AE15: =RANK(AD15,AD$5:AD$22) -> 17 | AF15: =104-(Y15+AA15+AC15+AE15) -> 52 | AG15: =RANK(AF15,AF$5:AF$22) -> 12 | AI15: =VLOOKUP($A15,'2025'!$A:$IZ,183,FALSE) -> 10.182 | AJ15: =RANK(AI15,AI$5:AI$22,1) -> 14 | AK15: =VLOOKUP($A15,'2025'!$A:$IZ,181,FALSE) -> 21.208 | AL15: =RANK(AK15,AK$5:AK$22,1) -> 12 | AM15: =VLOOKUP($A15,'2025'!$A:$IZ,182,FALSE) -> 24.064 | AN15: =RANK(AM15,AM$5:AM$22,1) -> 13 | AO15: =VLOOKUP($A15,'2025'!$A:$IZ,163,FALSE) -> 26.572 | AP15: =RANK(AO15,AO$5:AO$22,1) -> 16 | AQ15: =104-(AJ15+AL15+AN15+AP15) -> 49 | AR15: =RANK(AQ15,AQ$5:AQ$22) -> 14 | AT15: =VLOOKUP($A15,'2025'!$A:$IZ,250,FALSE) -> 2.696 | AU15: =RANK(AT15,AT$5:AT$22,0) -> 5 | AV15: =VLOOKUP($A15,'2025'!$A:$IZ,92,FALSE) -> 11.435 | AW15: =RANK(AV15,AV$5:AV$22,0) -> 7 | AX15: =VLOOKUP($A15,'2025'!$A:$IZ,93,FALSE) -> 261.739 | AY15: =RANK(AX15,AX$5:AX$22,0) -> 14 | AZ15: =VLOOKUP($A15,'2025'!$A:$IZ,108,FALSE) -> 40.565 | BA15: =RANK(AZ15,AZ$5:AZ$22,0) -> 12 | BB15: =104-(AU15+AW15+AY15+BA15) -> 66 | BC15: =RANK(BB15,BB$5:BB$22) -> 11 | BE15: =VLOOKUP($A15,'2025'!$A:$IZ,80,FALSE) -> 45.174 | BF15: =RANK(BE15,BE$5:BE$22) -> 11 | BG15: =VLOOKUP($A15,'2025'!$A:$IZ,177,FALSE) -> 48.261 | BH15: =RANK(BG15,BG$5:BG$22,1) -> 12 | BI15: =VLOOKUP($A15,'2025'!$A:$IZ,79,FALSE) -> 32.913 | BJ15: =RANK(BI15,BI$5:BI$22) -> 10 | BK15: =VLOOKUP($A15,'2025'!$A:$IZ,176,FALSE) -> 35.391 | BL15: =RANK(BK15,BK$5:BK$22,1) -> 13 | BM15: =VLOOKUP($A15,'2025'!$A:$IZ,11,FALSE) -> 51.448 | BN15: =RANK(BM15,BM$5:BM$22) -> 5 | BO15: =VLOOKUP($A15,'2025'!$A:$IZ,222,FALSE) -> 5.304 | BP15: =RANK(BO15,BO$5:BO$22) -> 3 | BQ15: =106-(BF15+BH15+BN15+BP15+BJ15+BL15) -> 52 | BR15: =RANK(BQ15,BQ$5:BQ$22) -> 9 | BT15: =VLOOKUP($A15,'Ratings Season'!$A:$M,10,FALSE) -> -0.8 | BU15: =RANK(BT15,BT$5:BT$22) -> 10 | BV15: =VLOOKUP($A15,'Ratings Season'!$A:$M,12,FALSE) -> -2.9 | BW15: =RANK(BV15,BV$5:BV$22) -> 12 | BX15: =VLOOKUP($A15,'Ratings Season'!$A:$M,8,FALSE) -> -3.7 | BY15: =RANK(BX15,BX$5:BX$22) -> 12
A16: North Melbourne | B16: =VLOOKUP($A16,'2025'!$A:$IZ,222,FALSE) -> -5.087 | C16: =RANK(B16,B$5:B$22) -> 15 | D16: =VLOOKUP($A16,'2025'!$A:$IZ,218,FALSE) -> 0.652 | E16: =RANK(D16,D$5:D$22) -> 8 | F16: =VLOOKUP($A16,'2025'!$A:$IZ,49,FALSE) -> 76.131 | G16: =RANK(F16,F$5:F$22) -> 6 | H16: =VLOOKUP($A16,'2025'!$A:$IZ,229,FALSE) -> 2.609 | I16: =RANK(H16,H$5:H$22) -> 6 | J16: =104-(C16+E16+G16+I16) -> 69 | K16: =RANK(J16,J$5:J$22) -> 10 | M16: =VLOOKUP($A16,'2025'!$A:$IZ,88,FALSE) -> 10.385 | N16: =RANK(M16,M$5:M$22) -> 18 | O16: =VLOOKUP($A16,'2025'!$A:$IZ,84,FALSE) -> 18.814 | P16: =RANK(O16,O$5:O$22) -> 15 | Q16: =VLOOKUP($A16,'2025'!$A:$IZ,85,FALSE) -> 19.393 | R16: =RANK(Q16,Q$5:Q$22) -> 18 | S16: =VLOOKUP($A16,'2025'!$A:$IZ,29,FALSE) -> -0.573 | T16: =RANK(S16,S$5:S$22) -> 14 | U16: =104-(N16+P16+R16+T16) -> 39 | V16: =RANK(U16,U$5:U$22) -> 16 | X16: =VLOOKUP($A16,'2025'!$A:$IZ,65,FALSE) -> 44.34 | Y16: =RANK(X16,X$5:X$22) -> 11 | Z16: =VLOOKUP($A16,'2025'!$A:$IZ,64,FALSE) -> 25.189 | AA16: =RANK(Z16,Z$5:Z$22) -> 5 | AB16: =VLOOKUP($A16,'2025'!$A:$IZ,63,FALSE) -> 51.445 | AC16: =RANK(AB16,AB$5:AB$22) -> 3 | AD16: =VLOOKUP($A16,'2025'!$A:$IZ,71,FALSE) -> -0.111 | AE16: =RANK(AD16,AD$5:AD$22) -> 9 | AF16: =104-(Y16+AA16+AC16+AE16) -> 76 | AG16: =RANK(AF16,AF$5:AF$22) -> 6 | AI16: =VLOOKUP($A16,'2025'!$A:$IZ,183,FALSE) -> 12.341 | AJ16: =RANK(AI16,AI$5:AI$22,1) -> 15 | AK16: =VLOOKUP($A16,'2025'!$A:$IZ,181,FALSE) -> 25.485 | AL16: =RANK(AK16,AK$5:AK$22,1) -> 18 | AM16: =VLOOKUP($A16,'2025'!$A:$IZ,182,FALSE) -> 26.845 | AN16: =RANK(AM16,AM$5:AM$22,1) -> 16 | AO16: =VLOOKUP($A16,'2025'!$A:$IZ,163,FALSE) -> 27.067 | AP16: =RANK(AO16,AO$5:AO$22,1) -> 17 | AQ16: =104-(AJ16+AL16+AN16+AP16) -> 38 | AR16: =RANK(AQ16,AQ$5:AQ$22) -> 16 | AT16: =VLOOKUP($A16,'2025'!$A:$IZ,250,FALSE) -> -5.87 | AU16: =RANK(AT16,AT$5:AT$22,0) -> 16 | AV16: =VLOOKUP($A16,'2025'!$A:$IZ,92,FALSE) -> 10.652 | AW16: =RANK(AV16,AV$5:AV$22,0) -> 11 | AX16: =VLOOKUP($A16,'2025'!$A:$IZ,93,FALSE) -> 261.087 | AY16: =RANK(AX16,AX$5:AX$22,0) -> 16 | AZ16: =VLOOKUP($A16,'2025'!$A:$IZ,108,FALSE) -> 39.957 | BA16: =RANK(AZ16,AZ$5:AZ$22,0) -> 15 | BB16: =104-(AU16+AW16+AY16+BA16) -> 46 | BC16: =RANK(BB16,BB$5:BB$22) -> 18 | BE16: =VLOOKUP($A16,'2025'!$A:$IZ,80,FALSE) -> 35.739 | BF16: =RANK(BE16,BE$5:BE$22) -> 17 | BG16: =VLOOKUP($A16,'2025'!$A:$IZ,177,FALSE) -> 55.87 | BH16: =RANK(BG16,BG$5:BG$22,1) -> 16 | BI16: =VLOOKUP($A16,'2025'!$A:$IZ,79,FALSE) -> 37.783 | BJ16: =RANK(BI16,BI$5:BI$22) -> 4 | BK16: =VLOOKUP($A16,'2025'!$A:$IZ,176,FALSE) -> 42.348 | BL16: =RANK(BK16,BK$5:BK$22,1) -> 18 | BM16: =VLOOKUP($A16,'2025'!$A:$IZ,11,FALSE) -> 45.872 | BN16: =RANK(BM16,BM$5:BM$22) -> 18 | BO16: =VLOOKUP($A16,'2025'!$A:$IZ,222,FALSE) -> -5.087 | BP16: =RANK(BO16,BO$5:BO$22) -> 15 | BQ16: =106-(BF16+BH16+BN16+BP16+BJ16+BL16) -> 18 | BR16: =RANK(BQ16,BQ$5:BQ$22) -> 15 | BT16: =VLOOKUP($A16,'Ratings Season'!$A:$M,10,FALSE) -> -5.3 | BU16: =RANK(BT16,BT$5:BT$22) -> 13 | BV16: =VLOOKUP($A16,'Ratings Season'!$A:$M,12,FALSE) -> -16.1 | BW16: =RANK(BV16,BV$5:BV$22) -> 17 | BX16: =VLOOKUP($A16,'Ratings Season'!$A:$M,8,FALSE) -> -21.4 | BY16: =RANK(BX16,BX$5:BX$22) -> 15
... A22: Western Bulldogs | B22: =VLOOKUP($A22,'2025'!$A:$IZ,222,FALSE) -> 1.609 | C22: =RANK(B22,B$5:B$22) -> 6 | D22: =VLOOKUP($A22,'2025'!$A:$IZ,218,FALSE) -> 6.435 | E22: =RANK(D22,D$5:D$22) -> 2 | F22: =VLOOKUP($A22,'2025'!$A:$IZ,49,FALSE) -> 78.014 | G22: =RANK(F22,F$5:F$22) -> 1 | H22: =VLOOKUP($A22,'2025'!$A:$IZ,229,FALSE) -> 5.87 | I22: =RANK(H22,H$5:H$22) -> 1 | J22: =104-(C22+E22+G22+I22) -> 94 | K22: =RANK(J22,J$5:J$22) -> 1 | M22: =VLOOKUP($A22,'2025'!$A:$IZ,88,FALSE) -> 15.994 | N22: =RANK(M22,M$5:M$22) -> 1 | O22: =VLOOKUP($A22,'2025'!$A:$IZ,84,FALSE) -> 25.307 | P22: =RANK(O22,O$5:O$22) -> 1 | Q22: =VLOOKUP($A22,'2025'!$A:$IZ,85,FALSE) -> 27.636 | R22: =RANK(Q22,Q$5:Q$22) -> 2 | S22: =VLOOKUP($A22,'2025'!$A:$IZ,29,FALSE) -> 4.269 | T22: =RANK(S22,S$5:S$22) -> 2 | U22: =104-(N22+P22+R22+T22) -> 98 | V22: =RANK(U22,U$5:U$22) -> 1 | X22: =VLOOKUP($A22,'2025'!$A:$IZ,65,FALSE) -> 49.923 | Y22: =RANK(X22,X$5:X$22) -> 1 | Z22: =VLOOKUP($A22,'2025'!$A:$IZ,64,FALSE) -> 28.428 | AA22: =RANK(Z22,Z$5:Z$22) -> 1 | AB22: =VLOOKUP($A22,'2025'!$A:$IZ,63,FALSE) -> 53.324 | AC22: =RANK(AB22,AB$5:AB$22) -> 1 | AD22: =VLOOKUP($A22,'2025'!$A:$IZ,71,FALSE) -> 4.494 | AE22: =RANK(AD22,AD$5:AD$22) -> 2 | AF22: =104-(Y22+AA22+AC22+AE22) -> 99 | AG22: =RANK(AF22,AF$5:AF$22) -> 1 | AI22: =VLOOKUP($A22,'2025'!$A:$IZ,183,FALSE) -> 9.332 | AJ22: =RANK(AI22,AI$5:AI$22,1) -> 10 | AK22: =VLOOKUP($A22,'2025'!$A:$IZ,181,FALSE) -> 19.967 | AL22: =RANK(AK22,AK$5:AK$22,1) -> 9 | AM22: =VLOOKUP($A22,'2025'!$A:$IZ,182,FALSE) -> 21.103 | AN22: =RANK(AM22,AM$5:AM$22,1) -> 4 | AO22: =VLOOKUP($A22,'2025'!$A:$IZ,163,FALSE) -> 24.223 | AP22: =RANK(AO22,AO$5:AO$22,1) -> 10 | AQ22: =104-(AJ22+AL22+AN22+AP22) -> 71 | AR22: =RANK(AQ22,AQ$5:AQ$22) -> 9 | AT22: =VLOOKUP($A22,'2025'!$A:$IZ,250,FALSE) -> -6.696 | AU22: =RANK(AT22,AT$5:AT$22,0) -> 17 | AV22: =VLOOKUP($A22,'2025'!$A:$IZ,92,FALSE) -> 12.174 | AW22: =RANK(AV22,AV$5:AV$22,0) -> 3 | AX22: =VLOOKUP($A22,'2025'!$A:$IZ,93,FALSE) -> 266.783 | AY22: =RANK(AX22,AX$5:AX$22,0) -> 10 | AZ22: =VLOOKUP($A22,'2025'!$A:$IZ,108,FALSE) -> 43.87 | BA22: =RANK(AZ22,AZ$5:AZ$22,0) -> 7 | BB22: =104-(AU22+AW22+AY22+BA22) -> 67 | BC22: =RANK(BB22,BB$5:BB$22) -> 10 | BE22: =VLOOKUP($A22,'2025'!$A:$IZ,80,FALSE) -> 55.739 | BF22: =RANK(BE22,BE$5:BE$22) -> 3 | BG22: =VLOOKUP($A22,'2025'!$A:$IZ,177,FALSE) -> 44.13 | BH22: =RANK(BG22,BG$5:BG$22,1) -> 9 | BI22: =VLOOKUP($A22,'2025'!$A:$IZ,79,FALSE) -> 47.565 | BJ22: =RANK(BI22,BI$5:BI$22) -> 1 | BK22: =VLOOKUP($A22,'2025'!$A:$IZ,176,FALSE) -> 30.087 | BL22: =RANK(BK22,BK$5:BK$22,1) -> 3 | BM22: =VLOOKUP($A22,'2025'!$A:$IZ,11,FALSE) -> 54.035 | BN22: =RANK(BM22,BM$5:BM$22) -> 1 | BO22: =VLOOKUP($A22,'2025'!$A:$IZ,222,FALSE) -> 1.609 | BP22: =RANK(BO22,BO$5:BO$22) -> 6 | BQ22: =106-(BF22+BH22+BN22+BP22+BJ22+BL22) -> 83 | BR22: =RANK(BQ22,BQ$5:BQ$22) -> 2 | BT22: =VLOOKUP($A22,'Ratings Season'!$A:$M,10,FALSE) -> 21.5 | BU22: =RANK(BT22,BT$5:BT$22) -> 1 | BV22: =VLOOKUP($A22,'Ratings Season'!$A:$M,12,FALSE) -> 3.7 | BW22: =RANK(BV22,BV$5:BV$22) -> 9 | BX22: =VLOOKUP($A22,'Ratings Season'!$A:$M,8,FALSE) -> 25.2 | BY22: =RANK(BX22,BX$5:BX$22) -> 2
A24: LAST 10 GAMES
A26: Team | B26: Ball Winning | M26: Ball Movement | X26: Scoring | AI26: Defence | AT26: Pressure | BE26: Health Check | BT26: Wheelo Ratings
B27: Post Clear CP Diff | C27: Rank | D27: Ground Ball Diff | E27: Rank | F27: 1st Poss to Clear % | G27: Rank | H27: Clearance Diff | I27: Rank | J27: Ball Winning Ranking | K27: Rank | M27: Def Half to Score % | N27: Rank | O27: Chain to Score % | P27: Rank | Q27: D50 to F50 % | R27: Rank | S27: Kick Rating | T27: Rank | U27: Ball Movement Ranking | V27: Rank | X27: Scores per I50 % | Y27: Rank | Z27: Goals Per I 50 % | AA27: Rank | AB27: Accuracy % | AC27: Rank | AD27: +/- Exp Score | AE27: Rank | AF27: Scoring Ranking | AG27: Rank | AI27: Def Half to Score Ag % | AJ27: Rank | AK27: Chain to Score Ag % | AL27: Rank | AM27: D50 to F50 Ag % | AN27: Rank | AO27: Goals Per I50 Ag % | AP27: Rank | AQ27: Defence Ranking | AR27: Rank | AT27: Tackle Diff | AU27: Rank | AV27: F50 Tackles | AW27: Rank | AX27: Pressure Acts | AY27: Rank | AZ27: 1%'ers | BA27: Rank | BB27: Pressure Ranking | BC27: Rank | BE27: Score from Turnover For | BF27: Rank | BG27: Scores from Turnover Ag | BH27: Rank | BI27: Scores from Stoppages For | BJ27: Rank | BK27: Scores from Stoppage Ag | BL27: Rank | BM27: Territory % | BN27: Rank | BO27: Post-Clearance CP Diff | BP27: Rank | BQ27: Health Check Ranking | BR27: Rank | BT27: Attack Rating | BU27: Rank | BV27: Defence Rating | BW27: Rank | BX27: Overall Rating | BY27: Rank
A28: Adelaide | B28: =VLOOKUP($A28,'L10'!$A:$IZ,222,FALSE) -> 6.2 | C28: =RANK(B28,B$28:B$45) -> 4 | D28: =VLOOKUP($A28,'L10'!$A:$IZ,218,FALSE) -> -4.2 | E28: =RANK(D28,D$28:D$45) -> 13 | F28: =VLOOKUP($A28,'L10'!$A:$IZ,49,FALSE) -> 76.962 | G28: =RANK(F28,F$28:F$45) -> 4 | H28: =VLOOKUP($A28,'L10'!$A:$IZ,229,FALSE) -> -3.3 | I28: =RANK(H28,H$28:H$45) -> 14 | J28: =104-(C28+E28+G28+I28) -> 69 | K28: =RANK(J28,J$28:J$45) -> 11 | M28: =VLOOKUP($A28,'L10'!$A:$IZ,88,FALSE) -> 12.429 | N28: =RANK(M28,M$28:M$45) -> 10 | O28: =VLOOKUP($A28,'L10'!$A:$IZ,84,FALSE) -> 20.208 | P28: =RANK(O28,O$28:O$45) -> 11 | Q28: =VLOOKUP($A28,'L10'!$A:$IZ,85,FALSE) -> 20.256 | R28: =RANK(Q28,Q$28:Q$45) -> 16 | S28: =VLOOKUP($A28,'L10'!$A:$IZ,29,FALSE) -> 1.314 | T28: =RANK(S28,S$28:S$45) -> 7 | U28: =104-(N28+P28+R28+T28) -> 60 | V28: =RANK(U28,U$28:U$45) -> 10 | X28: =VLOOKUP($A28,'L10'!$A:$IZ,65,FALSE) -> 46.918 | Y28: =RANK(X28,X$28:X$45) -> 5 | Z28: =VLOOKUP($A28,'L10'!$A:$IZ,64,FALSE) -> 27.237 | AA28: =RANK(Z28,Z$28:Z$45) -> 4 | AB28: =VLOOKUP($A28,'L10'!$A:$IZ,63,FALSE) -> 53.725 | AC28: =RANK(AB28,AB$28:AB$45) -> 2 | AD28: =VLOOKUP($A28,'L10'!$A:$IZ,71,FALSE) -> 7.524 | AE28: =RANK(AD28,AD$28:AD$45) -> 1 | AF28: =104-(Y28+AA28+AC28+AE28) -> 92 | AG28: =RANK(AF28,AF$28:AF$45) -> 3 | AI28: =VLOOKUP($A28,'L10'!$A:$IZ,183,FALSE) -> 6.077 | AJ28: =RANK(AI28,AI$28:AI$45,1) -> 1 | AK28: =VLOOKUP($A28,'L10'!$A:$IZ,181,FALSE) -> 17.637 | AL28: =RANK(AK28,AK$28:AK$45,1) -> 2 | AM28: =VLOOKUP($A28,'L10'!$A:$IZ,182,FALSE) -> 15.702 | AN28: =RANK(AM28,AM$28:AM$45,1) -> 1 | AO28: =VLOOKUP($A28,'L10'!$A:$IZ,163,FALSE) -> 21.401 | AP28: =RANK(AO28,AO$28:AO$45,1) -> 3 | AQ28: =104-(AJ28+AL28+AN28+AP28) -> 97 | AR28: =RANK(AQ28,AQ$28:AQ$45) -> 1 | AT28: =VLOOKUP($A28,'L10'!$A:$IZ,250,FALSE) -> 0.5 | AU28: =RANK(AT28,AT$28:AT$45,0) -> 10 | AV28: =VLOOKUP($A28,'L10'!$A:$IZ,92,FALSE) -> 8.1 | AW28: =RANK(AV28,AV$28:AV$45,0) -> 17 | AX28: =VLOOKUP($A28,'L10'!$A:$IZ,93,FALSE) -> 276.8 | AY28: =RANK(AX28,AX$28:AX$45,0) -> 3 | AZ28: =VLOOKUP($A28,'L10'!$A:$IZ,108,FALSE) -> 46 | BA28: =RANK(AZ28,AZ$28:AZ$45,0) -> 4 | BB28: =104-(AU28+AW28+AY28+BA28) -> 70 | BC28: =RANK(BB28,BB$28:BB$45,0) -> 5 | BE28: =VLOOKUP($A28,'L10'!$A:$IZ,80,FALSE) -> 52.3 | BF28: =RANK(BE28,BE$28:BE$45) -> 4 | BG28: =VLOOKUP($A28,'L10'!$A:$IZ,177,FALSE) -> 40.9 | BH28: =RANK(BG28,BG$28:BG$45,1) -> 5 | BI28: =VLOOKUP($A28,'L10'!$A:$IZ,79,FALSE) -> 36 | BJ28: =RANK(BI28,BI$28:BI$45) -> 8 | BK28: =VLOOKUP($A28,'L10'!$A:$IZ,176,FALSE) -> 31.5 | BL28: =RANK(BK28,BK$28:BK$45,1) -> 5 | BM28: =VLOOKUP($A28,'L10'!$A:$IZ,11,FALSE) -> 49.913 | BN28: =RANK(BM28,BM$28:BM$45) -> 9 | BO28: =VLOOKUP($A28,'L10'!$A:$IZ,222,FALSE) -> 6.2 | BP28: =RANK(BO28,BO$28:BO$45) -> 4 | BQ28: =104-(BJ28+BL28+BN28+BP28) -> 78 | BR28: =RANK(BQ28,BQ$28:BQ$45) -> 5 | BT28: =VLOOKUP($A28,'Ratings Season'!$A:$M,8,FALSE) -> 18.2 | BU28: =RANK(BT28,BT$28:BT$45) -> 4 | BV28: =VLOOKUP($A28,'Ratings Season'!$A:$M,4,FALSE) -> 5.4 | BW28: =RANK(BV28,BV$28:BV$45) -> 7 | BX28: =VLOOKUP($A28,'Ratings Season'!$A:$M,2,FALSE) -> 11.5 | BY28: =RANK(BX28,BX$28:BX$45) -> 6
A29: Brisbane | B29: =VLOOKUP($A29,'L10'!$A:$IZ,222,FALSE) -> -0.8 | C29: =RANK(B29,B$28:B$45) -> 10 | D29: =VLOOKUP($A29,'L10'!$A:$IZ,218,FALSE) -> 5.1 | E29: =RANK(D29,D$28:D$45) -> 5 | F29: =VLOOKUP($A29,'L10'!$A:$IZ,49,FALSE) -> 74.889 | G29: =RANK(F29,F$28:F$45) -> 8 | H29: =VLOOKUP($A29,'L10'!$A:$IZ,229,FALSE) -> 6.9 | I29: =RANK(H29,H$28:H$45) -> 1 | J29: =104-(C29+E29+G29+I29) -> 80 | K29: =RANK(J29,J$28:J$45) -> 3 | M29: =VLOOKUP($A29,'L10'!$A:$IZ,88,FALSE) -> 13.162 | N29: =RANK(M29,M$28:M$45) -> 9 | O29: =VLOOKUP($A29,'L10'!$A:$IZ,84,FALSE) -> 21.862 | P29: =RANK(O29,O$28:O$45) -> 6 | Q29: =VLOOKUP($A29,'L10'!$A:$IZ,85,FALSE) -> 26.952 | R29: =RANK(Q29,Q$28:Q$45) -> 4 | S29: =VLOOKUP($A29,'L10'!$A:$IZ,29,FALSE) -> 1.2 | T29: =RANK(S29,S$28:S$45) -> 10 | U29: =104-(N29+P29+R29+T29) -> 75 | V29: =RANK(U29,U$28:U$45) -> 7 | X29: =VLOOKUP($A29,'L10'!$A:$IZ,65,FALSE) -> 45.026 | Y29: =RANK(X29,X$28:X$45) -> 11 | Z29: =VLOOKUP($A29,'L10'!$A:$IZ,64,FALSE) -> 23.037 | AA29: =RANK(Z29,Z$28:Z$45) -> 12 | AB29: =VLOOKUP($A29,'L10'!$A:$IZ,63,FALSE) -> 45.833 | AC29: =RANK(AB29,AB$28:AB$45) -> 12 | AD29: =VLOOKUP($A29,'L10'!$A:$IZ,71,FALSE) -> -0.934 | AE29: =RANK(AD29,AD$28:AD$45) -> 10 | AF29: =104-(Y29+AA29+AC29+AE29) -> 59 | AG29: =RANK(AF29,AF$28:AF$45) -> 11 | AI29: =VLOOKUP($A29,'L10'!$A:$IZ,183,FALSE) -> 9.524 | AJ29: =RANK(AI29,AI$28:AI$45,1) -> 8 | AK29: =VLOOKUP($A29,'L10'!$A:$IZ,181,FALSE) -> 19.404 | AL29: =RANK(AK29,AK$28:AK$45,1) -> 5 | AM29: =VLOOKUP($A29,'L10'!$A:$IZ,182,FALSE) -> 25.397 | AN29: =RANK(AM29,AM$28:AM$45,1) -> 13 | AO29: =VLOOKUP($A29,'L10'!$A:$IZ,163,FALSE) -> 22.158 | AP29: =RANK(AO29,AO$28:AO$45,1) -> 4 | AQ29: =104-(AJ29+AL29+AN29+AP29) -> 74 | AR29: =RANK(AQ29,AQ$28:AQ$45) -> 8 | AT29: =VLOOKUP($A29,'L10'!$A:$IZ,250,FALSE) -> 1.5 | AU29: =RANK(AT29,AT$28:AT$45,0) -> 8 | AV29: =VLOOKUP($A29,'L10'!$A:$IZ,92,FALSE) -> 12.1 | AW29: =RANK(AV29,AV$28:AV$45,0) -> 5 | AX29: =VLOOKUP($A29,'L10'!$A:$IZ,93,FALSE) -> 266.6 | AY29: =RANK(AX29,AX$28:AX$45,0) -> 9 | AZ29: =VLOOKUP($A29,'L10'!$A:$IZ,108,FALSE) -> 48.5 | BA29: =RANK(AZ29,AZ$28:AZ$45,0) -> 1 | BB29: =104-(AU29+AW29+AY29+BA29) -> 81 | BC29: =RANK(BB29,BB$28:BB$45,0) -> 3 | BE29: =VLOOKUP($A29,'L10'!$A:$IZ,80,FALSE) -> 52.1 | BF29: =RANK(BE29,BE$28:BE$45) -> 5 | BG29: =VLOOKUP($A29,'L10'!$A:$IZ,177,FALSE) -> 39.5 | BH29: =RANK(BG29,BG$28:BG$45,1) -> 3 | BI29: =VLOOKUP($A29,'L10'!$A:$IZ,79,FALSE) -> 36.2 | BJ29: =RANK(BI29,BI$28:BI$45) -> 7 | BK29: =VLOOKUP($A29,'L10'!$A:$IZ,176,FALSE) -> 34.4 | BL29: =RANK(BK29,BK$28:BK$45,1) -> 9 | BM29: =VLOOKUP($A29,'L10'!$A:$IZ,11,FALSE) -> 50.249 | BN29: =RANK(BM29,BM$28:BM$45) -> 7 | BO29: =VLOOKUP($A29,'L10'!$A:$IZ,222,FALSE) -> -0.8 | BP29: =RANK(BO29,BO$28:BO$45) -> 10 | BQ29: =104-(BJ29+BL29+BN29+BP29) -> 71 | BR29: =RANK(BQ29,BQ$28:BQ$45) -> 9 | BT29: =VLOOKUP($A29,'Ratings Season'!$A:$M,8,FALSE) -> 18.8 | BU29: =RANK(BT29,BT$28:BT$45) -> 3 | BV29: =VLOOKUP($A29,'Ratings Season'!$A:$M,4,FALSE) -> 13.2 | BW29: =RANK(BV29,BV$28:BV$45) -> 3 | BX29: =VLOOKUP($A29,'Ratings Season'!$A:$M,2,FALSE) -> 26.3 | BY29: =RANK(BX29,BX$28:BX$45) -> 3
A30: Carlton | B30: =VLOOKUP($A30,'L10'!$A:$IZ,222,FALSE) -> -0.7 | C30: =RANK(B30,B$28:B$45) -> 9 | D30: =VLOOKUP($A30,'L10'!$A:$IZ,218,FALSE) -> 3.5 | E30: =RANK(D30,D$28:D$45) -> 6 | F30: =VLOOKUP($A30,'L10'!$A:$IZ,49,FALSE) -> 74.246 | G30: =RANK(F30,F$28:F$45) -> 12 | H30: =VLOOKUP($A30,'L10'!$A:$IZ,229,FALSE) -> 4.9 | I30: =RANK(H30,H$28:H$45) -> 3 | J30: =104-(C30+E30+G30+I30) -> 74 | K30: =RANK(J30,J$28:J$45) -> 5 | M30: =VLOOKUP($A30,'L10'!$A:$IZ,88,FALSE) -> 10.985 | N30: =RANK(M30,M$28:M$45) -> 15 | O30: =VLOOKUP($A30,'L10'!$A:$IZ,84,FALSE) -> 18.919 | P30: =RANK(O30,O$28:O$45) -> 14 | Q30: =VLOOKUP($A30,'L10'!$A:$IZ,85,FALSE) -> 23.611 | R30: =RANK(Q30,Q$28:Q$45) -> 8 | S30: =VLOOKUP($A30,'L10'!$A:$IZ,29,FALSE) -> -2.173 | T30: =RANK(S30,S$28:S$45) -> 15 | U30: =104-(N30+P30+R30+T30) -> 52 | V30: =RANK(U30,U$28:U$45) -> 13 | X30: =VLOOKUP($A30,'L10'!$A:$IZ,65,FALSE) -> 40.954 | Y30: =RANK(X30,X$28:X$45) -> 14 | Z30: =VLOOKUP($A30,'L10'!$A:$IZ,64,FALSE) -> 21.471 | AA30: =RANK(Z30,Z$28:Z$45) -> 14 | AB30: =VLOOKUP($A30,'L10'!$A:$IZ,63,FALSE) -> 47.368 | AC30: =RANK(AB30,AB$28:AB$45) -> 10 | AD30: =VLOOKUP($A30,'L10'!$A:$IZ,71,FALSE) -> -2.659 | AE30: =RANK(AD30,AD$28:AD$45) -> 15 | AF30: =104-(Y30+AA30+AC30+AE30) -> 51 | AG30: =RANK(AF30,AF$28:AF$45) -> 13 | AI30: =VLOOKUP($A30,'L10'!$A:$IZ,183,FALSE) -> 9.62 | AJ30: =RANK(AI30,AI$28:AI$45,1) -> 9 | AK30: =VLOOKUP($A30,'L10'!$A:$IZ,181,FALSE) -> 21.241 | AL30: =RANK(AK30,AK$28:AK$45,1) -> 10 | AM30: =VLOOKUP($A30,'L10'!$A:$IZ,182,FALSE) -> 25.253 | AN30: =RANK(AM30,AM$28:AM$45,1) -> 12 | AO30: =VLOOKUP($A30,'L10'!$A:$IZ,163,FALSE) -> 26.008 | AP30: =RANK(AO30,AO$28:AO$45,1) -> 14 | AQ30: =104-(AJ30+AL30+AN30+AP30) -> 59 | AR30: =RANK(AQ30,AQ$28:AQ$45) -> 12 | AT30: =VLOOKUP($A30,'L10'!$A:$IZ,250,FALSE) -> -1.1 | AU30: =RANK(AT30,AT$28:AT$45,0) -> 11 | AV30: =VLOOKUP($A30,'L10'!$A:$IZ,92,FALSE) -> 10.1 | AW30: =RANK(AV30,AV$28:AV$45,0) -> 13 | AX30: =VLOOKUP($A30,'L10'!$A:$IZ,93,FALSE) -> 274.9 | AY30: =RANK(AX30,AX$28:AX$45,0) -> 6 | AZ30: =VLOOKUP($A30,'L10'!$A:$IZ,108,FALSE) -> 41.8 | BA30: =RANK(AZ30,AZ$28:AZ$45,0) -> 11 | BB30: =104-(AU30+AW30+AY30+BA30) -> 63 | BC30: =RANK(BB30,BB$28:BB$45,0) -> 10 | BE30: =VLOOKUP($A30,'L10'!$A:$IZ,80,FALSE) -> 41.1 | BF30: =RANK(BE30,BE$28:BE$45) -> 13 | BG30: =VLOOKUP($A30,'L10'!$A:$IZ,177,FALSE) -> 45.2 | BH30: =RANK(BG30,BG$28:BG$45,1) -> 9 | BI30: =VLOOKUP($A30,'L10'!$A:$IZ,79,FALSE) -> 31 | BJ30: =RANK(BI30,BI$28:BI$45) -> 13 | BK30: =VLOOKUP($A30,'L10'!$A:$IZ,176,FALSE) -> 37.7 | BL30: =RANK(BK30,BK$28:BK$45,1) -> 14 | BM30: =VLOOKUP($A30,'L10'!$A:$IZ,11,FALSE) -> 49.757 | BN30: =RANK(BM30,BM$28:BM$45) -> 10 | BO30: =VLOOKUP($A30,'L10'!$A:$IZ,222,FALSE) -> -0.7 | BP30: =RANK(BO30,BO$28:BO$45) -> 9 | BQ30: =104-(BJ30+BL30+BN30+BP30) -> 58 | BR30: =RANK(BQ30,BQ$28:BQ$45) -> 12 | BT30: =VLOOKUP($A30,'Ratings Season'!$A:$M,8,FALSE) -> -2.6 | BU30: =RANK(BT30,BT$28:BT$45) -> 10 | BV30: =VLOOKUP($A30,'Ratings Season'!$A:$M,4,FALSE) -> -6.4 | BW30: =RANK(BV30,BV$28:BV$45) -> 13 | BX30: =VLOOKUP($A30,'Ratings Season'!$A:$M,2,FALSE) -> -3.3 | BY30: =RANK(BX30,BX$28:BX$45) -> 12
A31: Collingwood | B31: =VLOOKUP($A31,'L10'!$A:$IZ,222,FALSE) -> -2.2 | C31: =RANK(B31,B$28:B$45) -> 13 | D31: =VLOOKUP($A31,'L10'!$A:$IZ,218,FALSE) -> -8.1 | E31: =RANK(D31,D$28:D$45) -> 16 | F31: =VLOOKUP($A31,'L10'!$A:$IZ,49,FALSE) -> 69.014 | G31: =RANK(F31,F$28:F$45) -> 18 | H31: =VLOOKUP($A31,'L10'!$A:$IZ,229,FALSE) -> -4.6 | I31: =RANK(H31,H$28:H$45) -> 16 | J31: =104-(C31+E31+G31+I31) -> 41 | K31: =RANK(J31,J$28:J$45) -> 17 | M31: =VLOOKUP($A31,'L10'!$A:$IZ,88,FALSE) -> 10.169 | N31: =RANK(M31,M$28:M$45) -> 16 | O31: =VLOOKUP($A31,'L10'!$A:$IZ,84,FALSE) -> 19.283 | P31: =RANK(O31,O$28:O$45) -> 13 | Q31: =VLOOKUP($A31,'L10'!$A:$IZ,85,FALSE) -> 24.581 | R31: =RANK(Q31,Q$28:Q$45) -> 7 | S31: =VLOOKUP($A31,'L10'!$A:$IZ,29,FALSE) -> -3.601 | T31: =RANK(S31,S$28:S$45) -> 18 | U31: =104-(N31+P31+R31+T31) -> 50 | V31: =RANK(U31,U$28:U$45) -> 15 | X31: =VLOOKUP($A31,'L10'!$A:$IZ,65,FALSE) -> 40.074 | Y31: =RANK(X31,X$28:X$45) -> 16 | Z31: =VLOOKUP($A31,'L10'!$A:$IZ,64,FALSE) -> 19.485 | AA31: =RANK(Z31,Z$28:Z$45) -> 16 | AB31: =VLOOKUP($A31,'L10'!$A:$IZ,63,FALSE) -> 44.538 | AC31: =RANK(AB31,AB$28:AB$45) -> 16 | AD31: =VLOOKUP($A31,'L10'!$A:$IZ,71,FALSE) -> 0.934 | AE31: =RANK(AD31,AD$28:AD$45) -> 6 | AF31: =104-(Y31+AA31+AC31+AE31) -> 50 | AG31: =RANK(AF31,AF$28:AF$45) -> 14 | AI31: =VLOOKUP($A31,'L10'!$A:$IZ,183,FALSE) -> 8.916 | AJ31: =RANK(AI31,AI$28:AI$45,1) -> 4 | AK31: =VLOOKUP($A31,'L10'!$A:$IZ,181,FALSE) -> 17.186 | AL31: =RANK(AK31,AK$28:AK$45,1) -> 1 | AM31: =VLOOKUP($A31,'L10'!$A:$IZ,182,FALSE) -> 20.241 | AN31: =RANK(AM31,AM$28:AM$45,1) -> 2 | AO31: =VLOOKUP($A31,'L10'!$A:$IZ,163,FALSE) -> 23.779 | AP31: =RANK(AO31,AO$28:AO$45,1) -> 8 | AQ31: =104-(AJ31+AL31+AN31+AP31) -> 89 | AR31: =RANK(AQ31,AQ$28:AQ$45) -> 3 | AT31: =VLOOKUP($A31,'L10'!$A:$IZ,250,FALSE) -> 10.1 | AU31: =RANK(AT31,AT$28:AT$45,0) -> 1 | AV31: =VLOOKUP($A31,'L10'!$A:$IZ,92,FALSE) -> 15.2 | AW31: =RANK(AV31,AV$28:AV$45,0) -> 1 | AX31: =VLOOKUP($A31,'L10'!$A:$IZ,93,FALSE) -> 280.1 | AY31: =RANK(AX31,AX$28:AX$45,0) -> 2 | AZ31: =VLOOKUP($A31,'L10'!$A:$IZ,108,FALSE) -> 44.3 | BA31: =RANK(AZ31,AZ$28:AZ$45,0) -> 6 | BB31: =104-(AU31+AW31+AY31+BA31) -> 94 | BC31: =RANK(BB31,BB$28:BB$45,0) -> 1 | BE31: =VLOOKUP($A31,'L10'!$A:$IZ,80,FALSE) -> 42.8 | BF31: =RANK(BE31,BE$28:BE$45) -> 11 | BG31: =VLOOKUP($A31,'L10'!$A:$IZ,177,FALSE) -> 35.4 | BH31: =RANK(BG31,BG$28:BG$45,1) -> 1 | BI31: =VLOOKUP($A31,'L10'!$A:$IZ,79,FALSE) -> 29.4 | BJ31: =RANK(BI31,BI$28:BI$45) -> 15 | BK31: =VLOOKUP($A31,'L10'!$A:$IZ,176,FALSE) -> 37.7 | BL31: =RANK(BK31,BK$28:BK$45,1) -> 14 | BM31: =VLOOKUP($A31,'L10'!$A:$IZ,11,FALSE) -> 53.392 | BN31: =RANK(BM31,BM$28:BM$45) -> 3 | BO31: =VLOOKUP($A31,'L10'!$A:$IZ,222,FALSE) -> -2.2 | BP31: =RANK(BO31,BO$28:BO$45) -> 13 | BQ31: =104-(BJ31+BL31+BN31+BP31) -> 59 | BR31: =RANK(BQ31,BQ$28:BQ$45) -> 10 | BT31: =VLOOKUP($A31,'Ratings Season'!$A:$M,8,FALSE) -> 17.6 | BU31: =RANK(BT31,BT$28:BT$45) -> 5 | BV31: =VLOOKUP($A31,'Ratings Season'!$A:$M,4,FALSE) -> -0.4 | BW31: =RANK(BV31,BV$28:BV$45) -> 9 | BX31: =VLOOKUP($A31,'Ratings Season'!$A:$M,2,FALSE) -> 12.2 | BY31: =RANK(BX31,BX$28:BX$45) -> 5
A32: Essendon | B32: =VLOOKUP($A32,'L10'!$A:$IZ,222,FALSE) -> -1.1 | C32: =RANK(B32,B$28:B$45) -> 11 | D32: =VLOOKUP($A32,'L10'!$A:$IZ,218,FALSE) -> 1.8 | E32: =RANK(D32,D$28:D$45) -> 10 | F32: =VLOOKUP($A32,'L10'!$A:$IZ,49,FALSE) -> 74.432 | G32: =RANK(F32,F$28:F$45) -> 10 | H32: =VLOOKUP($A32,'L10'!$A:$IZ,229,FALSE) -> -6.4 | I32: =RANK(H32,H$28:H$45) -> 17 | J32: =104-(C32+E32+G32+I32) -> 56 | K32: =RANK(J32,J$28:J$45) -> 14 | M32: =VLOOKUP($A32,'L10'!$A:$IZ,88,FALSE) -> 9.248 | N32: =RANK(M32,M$28:M$45) -> 18 | O32: =VLOOKUP($A32,'L10'!$A:$IZ,84,FALSE) -> 17.191 | P32: =RANK(O32,O$28:O$45) -> 16 | Q32: =VLOOKUP($A32,'L10'!$A:$IZ,85,FALSE) -> 20.698 | R32: =RANK(Q32,Q$28:Q$45) -> 13 | S32: =VLOOKUP($A32,'L10'!$A:$IZ,29,FALSE) -> -2.752 | T32: =RANK(S32,S$28:S$45) -> 16 | U32: =104-(N32+P32+R32+T32) -> 41 | V32: =RANK(U32,U$28:U$45) -> 17 | X32: =VLOOKUP($A32,'L10'!$A:$IZ,65,FALSE) -> 37.953 | Y32: =RANK(X32,X$28:X$45) -> 17 | Z32: =VLOOKUP($A32,'L10'!$A:$IZ,64,FALSE) -> 17.484 | AA32: =RANK(Z32,Z$28:Z$45) -> 18 | AB32: =VLOOKUP($A32,'L10'!$A:$IZ,63,FALSE) -> 43.158 | AC32: =RANK(AB32,AB$28:AB$45) -> 18 | AD32: =VLOOKUP($A32,'L10'!$A:$IZ,71,FALSE) -> -5.038 | AE32: =RANK(AD32,AD$28:AD$45) -> 17 | AF32: =104-(Y32+AA32+AC32+AE32) -> 34 | AG32: =RANK(AF32,AF$28:AF$45) -> 18 | AI32: =VLOOKUP($A32,'L10'!$A:$IZ,183,FALSE) -> 13.089 | AJ32: =RANK(AI32,AI$28:AI$45,1) -> 16 | AK32: =VLOOKUP($A32,'L10'!$A:$IZ,181,FALSE) -> 24.004 | AL32: =RANK(AK32,AK$28:AK$45,1) -> 15 | AM32: =VLOOKUP($A32,'L10'!$A:$IZ,182,FALSE) -> 31.152 | AN32: =RANK(AM32,AM$28:AM$45,1) -> 18 | AO32: =VLOOKUP($A32,'L10'!$A:$IZ,163,FALSE) -> 27.289 | AP32: =RANK(AO32,AO$28:AO$45,1) -> 16 | AQ32: =104-(AJ32+AL32+AN32+AP32) -> 39 | AR32: =RANK(AQ32,AQ$28:AQ$45) -> 16 | AT32: =VLOOKUP($A32,'L10'!$A:$IZ,250,FALSE) -> 3.6 | AU32: =RANK(AT32,AT$28:AT$45,0) -> 3 | AV32: =VLOOKUP($A32,'L10'!$A:$IZ,92,FALSE) -> 10.3 | AW32: =RANK(AV32,AV$28:AV$45,0) -> 11 | AX32: =VLOOKUP($A32,'L10'!$A:$IZ,93,FALSE) -> 276.3 | AY32: =RANK(AX32,AX$28:AX$45,0) -> 4 | AZ32: =VLOOKUP($A32,'L10'!$A:$IZ,108,FALSE) -> 34.5 | BA32: =RANK(AZ32,AZ$28:AZ$45,0) -> 18 | BB32: =104-(AU32+AW32+AY32+BA32) -> 68 | BC32: =RANK(BB32,BB$28:BB$45,0) -> 7 | BE32: =VLOOKUP($A32,'L10'!$A:$IZ,80,FALSE) -> 33.5 | BF32: =RANK(BE32,BE$28:BE$45) -> 16 | BG32: =VLOOKUP($A32,'L10'!$A:$IZ,177,FALSE) -> 61.8 | BH32: =RANK(BG32,BG$28:BG$45,1) -> 17 | BI32: =VLOOKUP($A32,'L10'!$A:$IZ,79,FALSE) -> 21.1 | BJ32: =RANK(BI32,BI$28:BI$45) -> 17 | BK32: =VLOOKUP($A32,'L10'!$A:$IZ,176,FALSE) -> 34.9 | BL32: =RANK(BK32,BK$28:BK$45,1) -> 10 | BM32: =VLOOKUP($A32,'L10'!$A:$IZ,11,FALSE) -> 46.783 | BN32: =RANK(BM32,BM$28:BM$45) -> 15 | BO32: =VLOOKUP($A32,'L10'!$A:$IZ,222,FALSE) -> -1.1 | BP32: =RANK(BO32,BO$28:BO$45) -> 11 | BQ32: =104-(BJ32+BL32+BN32+BP32) -> 51 | BR32: =RANK(BQ32,BQ$28:BQ$45) -> 14 | BT32: =VLOOKUP($A32,'Ratings Season'!$A:$M,8,FALSE) -> -23.8 | BU32: =RANK(BT32,BT$28:BT$45) -> 16 | BV32: =VLOOKUP($A32,'Ratings Season'!$A:$M,4,FALSE) -> -16.6 | BW32: =RANK(BV32,BV$28:BV$45) -> 16 | BX32: =VLOOKUP($A32,'Ratings Season'!$A:$M,2,FALSE) -> -28 | BY32: =RANK(BX32,BX$28:BX$45) -> 16
A33: Fremantle | B33: =VLOOKUP($A33,'L10'!$A:$IZ,222,FALSE) -> -2.8 | C33: =RANK(B33,B$28:B$45) -> 14 | D33: =VLOOKUP($A33,'L10'!$A:$IZ,218,FALSE) -> -4.4 | E33: =RANK(D33,D$28:D$45) -> 14 | F33: =VLOOKUP($A33,'L10'!$A:$IZ,49,FALSE) -> 75.669 | G33: =RANK(F33,F$28:F$45) -> 6 | H33: =VLOOKUP($A33,'L10'!$A:$IZ,229,FALSE) -> 1 | I33: =RANK(H33,H$28:H$45) -> 7 | J33: =104-(C33+E33+G33+I33) -> 63 | K33: =RANK(J33,J$28:J$45) -> 13 | M33: =VLOOKUP($A33,'L10'!$A:$IZ,88,FALSE) -> 13.264 | N33: =RANK(M33,M$28:M$45) -> 8 | O33: =VLOOKUP($A33,'L10'!$A:$IZ,84,FALSE) -> 20.924 | P33: =RANK(O33,O$28:O$45) -> 9 | Q33: =VLOOKUP($A33,'L10'!$A:$IZ,85,FALSE) -> 21.579 | R33: =RANK(Q33,Q$28:Q$45) -> 11 | S33: =VLOOKUP($A33,'L10'!$A:$IZ,29,FALSE) -> 0.823 | T33: =RANK(S33,S$28:S$45) -> 12 | U33: =104-(N33+P33+R33+T33) -> 64 | V33: =RANK(U33,U$28:U$45) -> 9 | X33: =VLOOKUP($A33,'L10'!$A:$IZ,65,FALSE) -> 45.49 | Y33: =RANK(X33,X$28:X$45) -> 8 | Z33: =VLOOKUP($A33,'L10'!$A:$IZ,64,FALSE) -> 24.902 | AA33: =RANK(Z33,Z$28:Z$45) -> 7 | AB33: =VLOOKUP($A33,'L10'!$A:$IZ,63,FALSE) -> 47.744 | AC33: =RANK(AB33,AB$28:AB$45) -> 9 | AD33: =VLOOKUP($A33,'L10'!$A:$IZ,71,FALSE) -> -1.677 | AE33: =RANK(AD33,AD$28:AD$45) -> 11 | AF33: =104-(Y33+AA33+AC33+AE33) -> 69 | AG33: =RANK(AF33,AF$28:AF$45) -> 8 | AI33: =VLOOKUP($A33,'L10'!$A:$IZ,183,FALSE) -> 9.512 | AJ33: =RANK(AI33,AI$28:AI$45,1) -> 7 | AK33: =VLOOKUP($A33,'L10'!$A:$IZ,181,FALSE) -> 19.928 | AL33: =RANK(AK33,AK$28:AK$45,1) -> 8 | AM33: =VLOOKUP($A33,'L10'!$A:$IZ,182,FALSE) -> 20.308 | AN33: =RANK(AM33,AM$28:AM$45,1) -> 3 | AO33: =VLOOKUP($A33,'L10'!$A:$IZ,163,FALSE) -> 23.984 | AP33: =RANK(AO33,AO$28:AO$45,1) -> 9 | AQ33: =104-(AJ33+AL33+AN33+AP33) -> 77 | AR33: =RANK(AQ33,AQ$28:AQ$45) -> 7 | AT33: =VLOOKUP($A33,'L10'!$A:$IZ,250,FALSE) -> -2.1 | AU33: =RANK(AT33,AT$28:AT$45,0) -> 13 | AV33: =VLOOKUP($A33,'L10'!$A:$IZ,92,FALSE) -> 10.1 | AW33: =RANK(AV33,AV$28:AV$45,0) -> 13 | AX33: =VLOOKUP($A33,'L10'!$A:$IZ,93,FALSE) -> 269.4 | AY33: =RANK(AX33,AX$28:AX$45,0) -> 8 | AZ33: =VLOOKUP($A33,'L10'!$A:$IZ,108,FALSE) -> 47.4 | BA33: =RANK(AZ33,AZ$28:AZ$45,0) -> 3 | BB33: =104-(AU33+AW33+AY33+BA33) -> 67 | BC33: =RANK(BB33,BB$28:BB$45,0) -> 8 | BE33: =VLOOKUP($A33,'L10'!$A:$IZ,80,FALSE) -> 50 | BF33: =RANK(BE33,BE$28:BE$45) -> 7 | BG33: =VLOOKUP($A33,'L10'!$A:$IZ,177,FALSE) -> 44.8 | BH33: =RANK(BG33,BG$28:BG$45,1) -> 8 | BI33: =VLOOKUP($A33,'L10'!$A:$IZ,79,FALSE) -> 31.8 | BJ33: =RANK(BI33,BI$28:BI$45) -> 12 | BK33: =VLOOKUP($A33,'L10'!$A:$IZ,176,FALSE) -> 34 | BL33: =RANK(BK33,BK$28:BK$45,1) -> 7 | BM33: =VLOOKUP($A33,'L10'!$A:$IZ,11,FALSE) -> 48.723 | BN33: =RANK(BM33,BM$28:BM$45) -> 12 | BO33: =VLOOKUP($A33,'L10'!$A:$IZ,222,FALSE) -> -2.8 | BP33: =RANK(BO33,BO$28:BO$45) -> 14 | BQ33: =104-(BJ33+BL33+BN33+BP33) -> 59 | BR33: =RANK(BQ33,BQ$28:BQ$45) -> 10 | BT33: =VLOOKUP($A33,'Ratings Season'!$A:$M,8,FALSE) -> 5.7 | BU33: =RANK(BT33,BT$28:BT$45) -> 9 | BV33: =VLOOKUP($A33,'Ratings Season'!$A:$M,4,FALSE) -> 1 | BW33: =RANK(BV33,BV$28:BV$45) -> 8 | BX33: =VLOOKUP($A33,'Ratings Season'!$A:$M,2,FALSE) -> 5.3 | BY33: =RANK(BX33,BX$28:BX$45) -> 9
A34: Geelong | B34: =VLOOKUP($A34,'L10'!$A:$IZ,222,FALSE) -> 8.8 | C34: =RANK(B34,B$28:B$45) -> 2 | D34: =VLOOKUP($A34,'L10'!$A:$IZ,218,FALSE) -> 2.7 | E34: =RANK(D34,D$28:D$45) -> 7 | F34: =VLOOKUP($A34,'L10'!$A:$IZ,49,FALSE) -> 72.208 | G34: =RANK(F34,F$28:F$45) -> 15 | H34: =VLOOKUP($A34,'L10'!$A:$IZ,229,FALSE) -> -0.1 | I34: =RANK(H34,H$28:H$45) -> 10 | J34: =104-(C34+E34+G34+I34) -> 70 | K34: =RANK(J34,J$28:J$45) -> 10 | M34: =VLOOKUP($A34,'L10'!$A:$IZ,88,FALSE) -> 18.136 | N34: =RANK(M34,M$28:M$45) -> 1 | O34: =VLOOKUP($A34,'L10'!$A:$IZ,84,FALSE) -> 27.712 | P34: =RANK(O34,O$28:O$45) -> 1 | Q34: =VLOOKUP($A34,'L10'!$A:$IZ,85,FALSE) -> 30.636 | R34: =RANK(Q34,Q$28:Q$45) -> 1 | S34: =VLOOKUP($A34,'L10'!$A:$IZ,29,FALSE) -> 7.337 | T34: =RANK(S34,S$28:S$45) -> 1 | U34: =104-(N34+P34+R34+T34) -> 100 | V34: =RANK(U34,U$28:U$45) -> 1 | X34: =VLOOKUP($A34,'L10'!$A:$IZ,65,FALSE) -> 51 | Y34: =RANK(X34,X$28:X$45) -> 2 | Z34: =VLOOKUP($A34,'L10'!$A:$IZ,64,FALSE) -> 27.333 | AA34: =RANK(Z34,Z$28:Z$45) -> 3 | AB34: =VLOOKUP($A34,'L10'!$A:$IZ,63,FALSE) -> 50.617 | AC34: =RANK(AB34,AB$28:AB$45) -> 6 | AD34: =VLOOKUP($A34,'L10'!$A:$IZ,71,FALSE) -> 5.063 | AE34: =RANK(AD34,AD$28:AD$45) -> 5 | AF34: =104-(Y34+AA34+AC34+AE34) -> 88 | AG34: =RANK(AF34,AF$28:AF$45) -> 4 | AI34: =VLOOKUP($A34,'L10'!$A:$IZ,183,FALSE) -> 8.916 | AJ34: =RANK(AI34,AI$28:AI$45,1) -> 4 | AK34: =VLOOKUP($A34,'L10'!$A:$IZ,181,FALSE) -> 19.119 | AL34: =RANK(AK34,AK$28:AK$45,1) -> 4 | AM34: =VLOOKUP($A34,'L10'!$A:$IZ,182,FALSE) -> 21.928 | AN34: =RANK(AM34,AM$28:AM$45,1) -> 7 | AO34: =VLOOKUP($A34,'L10'!$A:$IZ,163,FALSE) -> 24.628 | AP34: =RANK(AO34,AO$28:AO$45,1) -> 10 | AQ34: =104-(AJ34+AL34+AN34+AP34) -> 79 | AR34: =RANK(AQ34,AQ$28:AQ$45) -> 6 | AT34: =VLOOKUP($A34,'L10'!$A:$IZ,250,FALSE) -> 1.7 | AU34: =RANK(AT34,AT$28:AT$45,0) -> 7 | AV34: =VLOOKUP($A34,'L10'!$A:$IZ,92,FALSE) -> 13.3 | AW34: =RANK(AV34,AV$28:AV$45,0) -> 3 | AX34: =VLOOKUP($A34,'L10'!$A:$IZ,93,FALSE) -> 273.4 | AY34: =RANK(AX34,AX$28:AX$45,0) -> 7 | AZ34: =VLOOKUP($A34,'L10'!$A:$IZ,108,FALSE) -> 35.2 | BA34: =RANK(AZ34,AZ$28:AZ$45,0) -> 17 | BB34: =104-(AU34+AW34+AY34+BA34) -> 70 | BC34: =RANK(BB34,BB$28:BB$45,0) -> 5 | BE34: =VLOOKUP($A34,'L10'!$A:$IZ,80,FALSE) -> 66.8 | BF34: =RANK(BE34,BE$28:BE$45) -> 1 | BG34: =VLOOKUP($A34,'L10'!$A:$IZ,177,FALSE) -> 40.5 | BH34: =RANK(BG34,BG$28:BG$45,1) -> 4 | BI34: =VLOOKUP($A34,'L10'!$A:$IZ,79,FALSE) -> 39.6 | BJ34: =RANK(BI34,BI$28:BI$45) -> 3 | BK34: =VLOOKUP($A34,'L10'!$A:$IZ,176,FALSE) -> 34 | BL34: =RANK(BK34,BK$28:BK$45,1) -> 7 | BM34: =VLOOKUP($A34,'L10'!$A:$IZ,11,FALSE) -> 55.144 | BN34: =RANK(BM34,BM$28:BM$45) -> 1 | BO34: =VLOOKUP($A34,'L10'!$A:$IZ,222,FALSE) -> 8.8 | BP34: =RANK(BO34,BO$28:BO$45) -> 2 | BQ34: =104-(BJ34+BL34+BN34+BP34) -> 91 | BR34: =RANK(BQ34,BQ$28:BQ$45) -> 2 | BT34: =VLOOKUP($A34,'Ratings Season'!$A:$M,8,FALSE) -> 25.6 | BU34: =RANK(BT34,BT$28:BT$45) -> 1 | BV34: =VLOOKUP($A34,'Ratings Season'!$A:$M,4,FALSE) -> 21.7 | BW34: =RANK(BV34,BV$28:BV$45) -> 2 | BX34: =VLOOKUP($A34,'Ratings Season'!$A:$M,2,FALSE) -> 29.2 | BY34: =RANK(BX34,BX$28:BX$45) -> 1
A35: Gold Coast | B35: =VLOOKUP($A35,'L10'!$A:$IZ,222,FALSE) -> -1.3 | C35: =RANK(B35,B$28:B$45) -> 12 | D35: =VLOOKUP($A35,'L10'!$A:$IZ,218,FALSE) -> 0.5 | E35: =RANK(D35,D$28:D$45) -> 11 | F35: =VLOOKUP($A35,'L10'!$A:$IZ,49,FALSE) -> 77.033 | G35: =RANK(F35,F$28:F$45) -> 3 | H35: =VLOOKUP($A35,'L10'!$A:$IZ,229,FALSE) -> 2.2 | I35: =RANK(H35,H$28:H$45) -> 6 | J35: =104-(C35+E35+G35+I35) -> 72 | K35: =RANK(J35,J$28:J$45) -> 8 | M35: =VLOOKUP($A35,'L10'!$A:$IZ,88,FALSE) -> 14.308 | N35: =RANK(M35,M$28:M$45) -> 4 | O35: =VLOOKUP($A35,'L10'!$A:$IZ,84,FALSE) -> 22.14 | P35: =RANK(O35,O$28:O$45) -> 5 | Q35: =VLOOKUP($A35,'L10'!$A:$IZ,85,FALSE) -> 25.065 | R35: =RANK(Q35,Q$28:Q$45) -> 6 | S35: =VLOOKUP($A35,'L10'!$A:$IZ,29,FALSE) -> 1.272 | T35: =RANK(S35,S$28:S$45) -> 8 | U35: =104-(N35+P35+R35+T35) -> 81 | V35: =RANK(U35,U$28:U$45) -> 5 | X35: =VLOOKUP($A35,'L10'!$A:$IZ,65,FALSE) -> 45.083 | Y35: =RANK(X35,X$28:X$45) -> 10 | Z35: =VLOOKUP($A35,'L10'!$A:$IZ,64,FALSE) -> 23.191 | AA35: =RANK(Z35,Z$28:Z$45) -> 11 | AB35: =VLOOKUP($A35,'L10'!$A:$IZ,63,FALSE) -> 48.077 | AC35: =RANK(AB35,AB$28:AB$45) -> 8 | AD35: =VLOOKUP($A35,'L10'!$A:$IZ,71,FALSE) -> 0.478 | AE35: =RANK(AD35,AD$28:AD$45) -> 8 | AF35: =104-(Y35+AA35+AC35+AE35) -> 67 | AG35: =RANK(AF35,AF$28:AF$45) -> 9 | AI35: =VLOOKUP($A35,'L10'!$A:$IZ,183,FALSE) -> 10.758 | AJ35: =RANK(AI35,AI$28:AI$45,1) -> 12 | AK35: =VLOOKUP($A35,'L10'!$A:$IZ,181,FALSE) -> 19.72 | AL35: =RANK(AK35,AK$28:AK$45,1) -> 6 | AM35: =VLOOKUP($A35,'L10'!$A:$IZ,182,FALSE) -> 24.878 | AN35: =RANK(AM35,AM$28:AM$45,1) -> 11 | AO35: =VLOOKUP($A35,'L10'!$A:$IZ,163,FALSE) -> 21.4 | AP35: =RANK(AO35,AO$28:AO$45,1) -> 2 | AQ35: =104-(AJ35+AL35+AN35+AP35) -> 73 | AR35: =RANK(AQ35,AQ$28:AQ$45) -> 9 | AT35: =VLOOKUP($A35,'L10'!$A:$IZ,250,FALSE) -> -4.5 | AU35: =RANK(AT35,AT$28:AT$45,0) -> 16 | AV35: =VLOOKUP($A35,'L10'!$A:$IZ,92,FALSE) -> 11.7 | AW35: =RANK(AV35,AV$28:AV$45,0) -> 6 | AX35: =VLOOKUP($A35,'L10'!$A:$IZ,93,FALSE) -> 256.9 | AY35: =RANK(AX35,AX$28:AX$45,0) -> 15 | AZ35: =VLOOKUP($A35,'L10'!$A:$IZ,108,FALSE) -> 45.6 | BA35: =RANK(AZ35,AZ$28:AZ$45,0) -> 5 | BB35: =104-(AU35+AW35+AY35+BA35) -> 62 | BC35: =RANK(BB35,BB$28:BB$45,0) -> 12 | BE35: =VLOOKUP($A35,'L10'!$A:$IZ,80,FALSE) -> 46.1 | BF35: =RANK(BE35,BE$28:BE$45) -> 9 | BG35: =VLOOKUP($A35,'L10'!$A:$IZ,177,FALSE) -> 41.5 | BH35: =RANK(BG35,BG$28:BG$45,1) -> 6 | BI35: =VLOOKUP($A35,'L10'!$A:$IZ,79,FALSE) -> 37.5 | BJ35: =RANK(BI35,BI$28:BI$45) -> 4 | BK35: =VLOOKUP($A35,'L10'!$A:$IZ,176,FALSE) -> 28.4 | BL35: =RANK(BK35,BK$28:BK$45,1) -> 3 | BM35: =VLOOKUP($A35,'L10'!$A:$IZ,11,FALSE) -> 52.504 | BN35: =RANK(BM35,BM$28:BM$45) -> 4 | BO35: =VLOOKUP($A35,'L10'!$A:$IZ,222,FALSE) -> -1.3 | BP35: =RANK(BO35,BO$28:BO$45) -> 12 | BQ35: =104-(BJ35+BL35+BN35+BP35) -> 81 | BR35: =RANK(BQ35,BQ$28:BQ$45) -> 4 | BT35: =VLOOKUP($A35,'Ratings Season'!$A:$M,8,FALSE) -> 15.9 | BU35: =RANK(BT35,BT$28:BT$45) -> 7 | BV35: =VLOOKUP($A35,'Ratings Season'!$A:$M,4,FALSE) -> 6.3 | BW35: =RANK(BV35,BV$28:BV$45) -> 6 | BX35: =VLOOKUP($A35,'Ratings Season'!$A:$M,2,FALSE) -> 11.5 | BY35: =RANK(BX35,BX$28:BX$45) -> 6
A36: Greater Western Sydney | B36: =VLOOKUP($A36,'L10'!$A:$IZ,222,FALSE) -> 2.3 | C36: =RANK(B36,B$28:B$45) -> 8 | D36: =VLOOKUP($A36,'L10'!$A:$IZ,218,FALSE) -> 2.2 | E36: =RANK(D36,D$28:D$45) -> 8 | F36: =VLOOKUP($A36,'L10'!$A:$IZ,49,FALSE) -> 76.429 | G36: =RANK(F36,F$28:F$45) -> 5 | H36: =VLOOKUP($A36,'L10'!$A:$IZ,229,FALSE) -> 0.6 | I36: =RANK(H36,H$28:H$45) -> 8 | J36: =104-(C36+E36+G36+I36) -> 75 | K36: =RANK(J36,J$28:J$45) -> 4 | M36: =VLOOKUP($A36,'L10'!$A:$IZ,88,FALSE) -> 13.978 | N36: =RANK(M36,M$28:M$45) -> 6 | O36: =VLOOKUP($A36,'L10'!$A:$IZ,84,FALSE) -> 23.567 | P36: =RANK(O36,O$28:O$45) -> 3 | Q36: =VLOOKUP($A36,'L10'!$A:$IZ,85,FALSE) -> 25.124 | R36: =RANK(Q36,Q$28:Q$45) -> 5 | S36: =VLOOKUP($A36,'L10'!$A:$IZ,29,FALSE) -> 2.685 | T36: =RANK(S36,S$28:S$45) -> 4 | U36: =104-(N36+P36+R36+T36) -> 86 | V36: =RANK(U36,U$28:U$45) -> 4 | X36: =VLOOKUP($A36,'L10'!$A:$IZ,65,FALSE) -> 47.874 | Y36: =RANK(X36,X$28:X$45) -> 3 | Z36: =VLOOKUP($A36,'L10'!$A:$IZ,64,FALSE) -> 27.911 | AA36: =RANK(Z36,Z$28:Z$45) -> 2 | AB36: =VLOOKUP($A36,'L10'!$A:$IZ,63,FALSE) -> 52.613 | AC36: =RANK(AB36,AB$28:AB$45) -> 3 | AD36: =VLOOKUP($A36,'L10'!$A:$IZ,71,FALSE) -> 6.556 | AE36: =RANK(AD36,AD$28:AD$45) -> 2 | AF36: =104-(Y36+AA36+AC36+AE36) -> 94 | AG36: =RANK(AF36,AF$28:AF$45) -> 2 | AI36: =VLOOKUP($A36,'L10'!$A:$IZ,183,FALSE) -> 8.684 | AJ36: =RANK(AI36,AI$28:AI$45,1) -> 3 | AK36: =VLOOKUP($A36,'L10'!$A:$IZ,181,FALSE) -> 20.826 | AL36: =RANK(AK36,AK$28:AK$45,1) -> 9 | AM36: =VLOOKUP($A36,'L10'!$A:$IZ,182,FALSE) -> 21.579 | AN36: =RANK(AM36,AM$28:AM$45,1) -> 5 | AO36: =VLOOKUP($A36,'L10'!$A:$IZ,163,FALSE) -> 22.719 | AP36: =RANK(AO36,AO$28:AO$45,1) -> 5 | AQ36: =104-(AJ36+AL36+AN36+AP36) -> 82 | AR36: =RANK(AQ36,AQ$28:AQ$45) -> 4 | AT36: =VLOOKUP($A36,'L10'!$A:$IZ,250,FALSE) -> 3.8 | AU36: =RANK(AT36,AT$28:AT$45,0) -> 2 | AV36: =VLOOKUP($A36,'L10'!$A:$IZ,92,FALSE) -> 10 | AW36: =RANK(AV36,AV$28:AV$45,0) -> 15 | AX36: =VLOOKUP($A36,'L10'!$A:$IZ,93,FALSE) -> 264.8 | AY36: =RANK(AX36,AX$28:AX$45,0) -> 10 | AZ36: =VLOOKUP($A36,'L10'!$A:$IZ,108,FALSE) -> 40.8 | BA36: =RANK(AZ36,AZ$28:AZ$45,0) -> 13 | BB36: =104-(AU36+AW36+AY36+BA36) -> 64 | BC36: =RANK(BB36,BB$28:BB$45,0) -> 9 | BE36: =VLOOKUP($A36,'L10'!$A:$IZ,80,FALSE) -> 50.5 | BF36: =RANK(BE36,BE$28:BE$45) -> 6 | BG36: =VLOOKUP($A36,'L10'!$A:$IZ,177,FALSE) -> 48.8 | BH36: =RANK(BG36,BG$28:BG$45,1) -> 13 | BI36: =VLOOKUP($A36,'L10'!$A:$IZ,79,FALSE) -> 45.8 | BJ36: =RANK(BI36,BI$28:BI$45) -> 1 | BK36: =VLOOKUP($A36,'L10'!$A:$IZ,176,FALSE) -> 31.1 | BL36: =RANK(BK36,BK$28:BK$45,1) -> 4 | BM36: =VLOOKUP($A36,'L10'!$A:$IZ,11,FALSE) -> 48.578 | BN36: =RANK(BM36,BM$28:BM$45) -> 13 | BO36: =VLOOKUP($A36,'L10'!$A:$IZ,222,FALSE) -> 2.3 | BP36: =RANK(BO36,BO$28:BO$45) -> 8 | BQ36: =104-(BJ36+BL36+BN36+BP36) -> 78 | BR36: =RANK(BQ36,BQ$28:BQ$45) -> 5 | BT36: =VLOOKUP($A36,'Ratings Season'!$A:$M,8,FALSE) -> 7.1 | BU36: =RANK(BT36,BT$28:BT$45) -> 8 | BV36: =VLOOKUP($A36,'Ratings Season'!$A:$M,4,FALSE) -> 9.4 | BW36: =RANK(BV36,BV$28:BV$45) -> 5 | BX36: =VLOOKUP($A36,'Ratings Season'!$A:$M,2,FALSE) -> 7.1 | BY36: =RANK(BX36,BX$28:BX$45) -> 8
A37: Hawthorn | B37: =VLOOKUP($A37,'L10'!$A:$IZ,222,FALSE) -> 6.8 | C37: =RANK(B37,B$28:B$45) -> 3 | D37: =VLOOKUP($A37,'L10'!$A:$IZ,218,FALSE) -> 5.8 | E37: =RANK(D37,D$28:D$45) -> 3 | F37: =VLOOKUP($A37,'L10'!$A:$IZ,49,FALSE) -> 72.398 | G37: =RANK(F37,F$28:F$45) -> 14 | H37: =VLOOKUP($A37,'L10'!$A:$IZ,229,FALSE) -> -3 | I37: =RANK(H37,H$28:H$45) -> 13 | J37: =104-(C37+E37+G37+I37) -> 71 | K37: =RANK(J37,J$28:J$45) -> 9 | M37: =VLOOKUP($A37,'L10'!$A:$IZ,88,FALSE) -> 12.327 | N37: =RANK(M37,M$28:M$45) -> 11 | O37: =VLOOKUP($A37,'L10'!$A:$IZ,84,FALSE) -> 19.882 | P37: =RANK(O37,O$28:O$45) -> 12 | Q37: =VLOOKUP($A37,'L10'!$A:$IZ,85,FALSE) -> 20.673 | R37: =RANK(Q37,Q$28:Q$45) -> 14 | S37: =VLOOKUP($A37,'L10'!$A:$IZ,29,FALSE) -> 0.195 | T37: =RANK(S37,S$28:S$45) -> 14 | U37: =104-(N37+P37+R37+T37) -> 53 | V37: =RANK(U37,U$28:U$45) -> 12 | X37: =VLOOKUP($A37,'L10'!$A:$IZ,65,FALSE) -> 45.315 | Y37: =RANK(X37,X$28:X$45) -> 9 | Z37: =VLOOKUP($A37,'L10'!$A:$IZ,64,FALSE) -> 25.239 | AA37: =RANK(Z37,Z$28:Z$45) -> 6 | AB37: =VLOOKUP($A37,'L10'!$A:$IZ,63,FALSE) -> 51.362 | AC37: =RANK(AB37,AB$28:AB$45) -> 4 | AD37: =VLOOKUP($A37,'L10'!$A:$IZ,71,FALSE) -> 5.627 | AE37: =RANK(AD37,AD$28:AD$45) -> 4 | AF37: =104-(Y37+AA37+AC37+AE37) -> 81 | AG37: =RANK(AF37,AF$28:AF$45) -> 5 | AI37: =VLOOKUP($A37,'L10'!$A:$IZ,183,FALSE) -> 7.853 | AJ37: =RANK(AI37,AI$28:AI$45,1) -> 2 | AK37: =VLOOKUP($A37,'L10'!$A:$IZ,181,FALSE) -> 17.747 | AL37: =RANK(AK37,AK$28:AK$45,1) -> 3 | AM37: =VLOOKUP($A37,'L10'!$A:$IZ,182,FALSE) -> 21.99 | AN37: =RANK(AM37,AM$28:AM$45,1) -> 8 | AO37: =VLOOKUP($A37,'L10'!$A:$IZ,163,FALSE) -> 20 | AP37: =RANK(AO37,AO$28:AO$45,1) -> 1 | AQ37: =104-(AJ37+AL37+AN37+AP37) -> 90 | AR37: =RANK(AQ37,AQ$28:AQ$45) -> 2 | AT37: =VLOOKUP($A37,'L10'!$A:$IZ,250,FALSE) -> -4.2 | AU37: =RANK(AT37,AT$28:AT$45,0) -> 15 | AV37: =VLOOKUP($A37,'L10'!$A:$IZ,92,FALSE) -> 13.7 | AW37: =RANK(AV37,AV$28:AV$45,0) -> 2 | AX37: =VLOOKUP($A37,'L10'!$A:$IZ,93,FALSE) -> 281.6 | AY37: =RANK(AX37,AX$28:AX$45,0) -> 1 | AZ37: =VLOOKUP($A37,'L10'!$A:$IZ,108,FALSE) -> 48.4 | BA37: =RANK(AZ37,AZ$28:AZ$45,0) -> 2 | BB37: =104-(AU37+AW37+AY37+BA37) -> 84 | BC37: =RANK(BB37,BB$28:BB$45,0) -> 2 | BE37: =VLOOKUP($A37,'L10'!$A:$IZ,80,FALSE) -> 52.4 | BF37: =RANK(BE37,BE$28:BE$45) -> 3 | BG37: =VLOOKUP($A37,'L10'!$A:$IZ,177,FALSE) -> 36 | BH37: =RANK(BG37,BG$28:BG$45,1) -> 2 | BI37: =VLOOKUP($A37,'L10'!$A:$IZ,79,FALSE) -> 35.1 | BJ37: =RANK(BI37,BI$28:BI$45) -> 10 | BK37: =VLOOKUP($A37,'L10'!$A:$IZ,176,FALSE) -> 35 | BL37: =RANK(BK37,BK$28:BK$45,1) -> 11 | BM37: =VLOOKUP($A37,'L10'!$A:$IZ,11,FALSE) -> 51.064 | BN37: =RANK(BM37,BM$28:BM$45) -> 5 | BO37: =VLOOKUP($A37,'L10'!$A:$IZ,222,FALSE) -> 6.8 | BP37: =RANK(BO37,BO$28:BO$45) -> 3 | BQ37: =104-(BJ37+BL37+BN37+BP37) -> 75 | BR37: =RANK(BQ37,BQ$28:BQ$45) -> 7 | BT37: =VLOOKUP($A37,'Ratings Season'!$A:$M,8,FALSE) -> 16.1 | BU37: =RANK(BT37,BT$28:BT$45) -> 6 | BV37: =VLOOKUP($A37,'Ratings Season'!$A:$M,4,FALSE) -> 10.8 | BW37: =RANK(BV37,BV$28:BV$45) -> 4 | BX37: =VLOOKUP($A37,'Ratings Season'!$A:$M,2,FALSE) -> 21.7 | BY37: =RANK(BX37,BX$28:BX$45) -> 4
A38: Melbourne | B38: =VLOOKUP($A38,'L10'!$A:$IZ,222,FALSE) -> 9.4 | C38: =RANK(B38,B$28:B$45) -> 1 | D38: =VLOOKUP($A38,'L10'!$A:$IZ,218,FALSE) -> 5.4 | E38: =RANK(D38,D$28:D$45) -> 4 | F38: =VLOOKUP($A38,'L10'!$A:$IZ,49,FALSE) -> 71.014 | G38: =RANK(F38,F$28:F$45) -> 17 | H38: =VLOOKUP($A38,'L10'!$A:$IZ,229,FALSE) -> 0.1 | I38: =RANK(H38,H$28:H$45) -> 9 | J38: =104-(C38+E38+G38+I38) -> 73 | K38: =RANK(J38,J$28:J$45) -> 7 | M38: =VLOOKUP($A38,'L10'!$A:$IZ,88,FALSE) -> 13.282 | N38: =RANK(M38,M$28:M$45) -> 7 | O38: =VLOOKUP($A38,'L10'!$A:$IZ,84,FALSE) -> 21.723 | P38: =RANK(O38,O$28:O$45) -> 7 | Q38: =VLOOKUP($A38,'L10'!$A:$IZ,85,FALSE) -> 22.28 | R38: =RANK(Q38,Q$28:Q$45) -> 10 | S38: =VLOOKUP($A38,'L10'!$A:$IZ,29,FALSE) -> 3.392 | T38: =RANK(S38,S$28:S$45) -> 3 | U38: =104-(N38+P38+R38+T38) -> 77 | V38: =RANK(U38,U$28:U$45) -> 6 | X38: =VLOOKUP($A38,'L10'!$A:$IZ,65,FALSE) -> 46.05 | Y38: =RANK(X38,X$28:X$45) -> 7 | Z38: =VLOOKUP($A38,'L10'!$A:$IZ,64,FALSE) -> 24.663 | AA38: =RANK(Z38,Z$28:Z$45) -> 8 | AB38: =VLOOKUP($A38,'L10'!$A:$IZ,63,FALSE) -> 48.12 | AC38: =RANK(AB38,AB$28:AB$45) -> 7 | AD38: =VLOOKUP($A38,'L10'!$A:$IZ,71,FALSE) -> 0.568 | AE38: =RANK(AD38,AD$28:AD$45) -> 7 | AF38: =104-(Y38+AA38+AC38+AE38) -> 75 | AG38: =RANK(AF38,AF$28:AF$45) -> 7 | AI38: =VLOOKUP($A38,'L10'!$A:$IZ,183,FALSE) -> 10.789 | AJ38: =RANK(AI38,AI$28:AI$45,1) -> 13 | AK38: =VLOOKUP($A38,'L10'!$A:$IZ,181,FALSE) -> 21.972 | AL38: =RANK(AK38,AK$28:AK$45,1) -> 12 | AM38: =VLOOKUP($A38,'L10'!$A:$IZ,182,FALSE) -> 26.44 | AN38: =RANK(AM38,AM$28:AM$45,1) -> 14 | AO38: =VLOOKUP($A38,'L10'!$A:$IZ,163,FALSE) -> 25.6 | AP38: =RANK(AO38,AO$28:AO$45,1) -> 13 | AQ38: =104-(AJ38+AL38+AN38+AP38) -> 52 | AR38: =RANK(AQ38,AQ$28:AQ$45) -> 14 | AT38: =VLOOKUP($A38,'L10'!$A:$IZ,250,FALSE) -> 1.9 | AU38: =RANK(AT38,AT$28:AT$45,0) -> 5 | AV38: =VLOOKUP($A38,'L10'!$A:$IZ,92,FALSE) -> 10 | AW38: =RANK(AV38,AV$28:AV$45,0) -> 15 | AX38: =VLOOKUP($A38,'L10'!$A:$IZ,93,FALSE) -> 255.4 | AY38: =RANK(AX38,AX$28:AX$45,0) -> 16 | AZ38: =VLOOKUP($A38,'L10'!$A:$IZ,108,FALSE) -> 39.4 | BA38: =RANK(AZ38,AZ$28:AZ$45,0) -> 15 | BB38: =104-(AU38+AW38+AY38+BA38) -> 53 | BC38: =RANK(BB38,BB$28:BB$45,0) -> 17 | BE38: =VLOOKUP($A38,'L10'!$A:$IZ,80,FALSE) -> 46.3 | BF38: =RANK(BE38,BE$28:BE$45) -> 8 | BG38: =VLOOKUP($A38,'L10'!$A:$IZ,177,FALSE) -> 47.5 | BH38: =RANK(BG38,BG$28:BG$45,1) -> 12 | BI38: =VLOOKUP($A38,'L10'!$A:$IZ,79,FALSE) -> 35.9 | BJ38: =RANK(BI38,BI$28:BI$45) -> 9 | BK38: =VLOOKUP($A38,'L10'!$A:$IZ,176,FALSE) -> 35.5 | BL38: =RANK(BK38,BK$28:BK$45,1) -> 12 | BM38: =VLOOKUP($A38,'L10'!$A:$IZ,11,FALSE) -> 50.188 | BN38: =RANK(BM38,BM$28:BM$45) -> 8 | BO38: =VLOOKUP($A38,'L10'!$A:$IZ,222,FALSE) -> 9.4 | BP38: =RANK(BO38,BO$28:BO$45) -> 1 | BQ38: =104-(BJ38+BL38+BN38+BP38) -> 74 | BR38: =RANK(BQ38,BQ$28:BQ$45) -> 8 | BT38: =VLOOKUP($A38,'Ratings Season'!$A:$M,8,FALSE) -> -3.7 | BU38: =RANK(BT38,BT$28:BT$45) -> 12 | BV38: =VLOOKUP($A38,'Ratings Season'!$A:$M,4,FALSE) -> -0.4 | BW38: =RANK(BV38,BV$28:BV$45) -> 9 | BX38: =VLOOKUP($A38,'Ratings Season'!$A:$M,2,FALSE) -> -1.2 | BY38: =RANK(BX38,BX$28:BX$45) -> 10
A39: North Melbourne | B39: =VLOOKUP($A39,'L10'!$A:$IZ,222,FALSE) -> -6.7 | C39: =RANK(B39,B$28:B$45) -> 15 | D39: =VLOOKUP($A39,'L10'!$A:$IZ,218,FALSE) -> 1.9 | E39: =RANK(D39,D$28:D$45) -> 9 | F39: =VLOOKUP($A39,'L10'!$A:$IZ,49,FALSE) -> 77.123 | G39: =RANK(F39,F$28:F$45) -> 2 | H39: =VLOOKUP($A39,'L10'!$A:$IZ,229,FALSE) -> -0.6 | I39: =RANK(H39,H$28:H$45) -> 11 | J39: =104-(C39+E39+G39+I39) -> 67 | K39: =RANK(J39,J$28:J$45) -> 12 | M39: =VLOOKUP($A39,'L10'!$A:$IZ,88,FALSE) -> 11.587 | N39: =RANK(M39,M$28:M$45) -> 12 | O39: =VLOOKUP($A39,'L10'!$A:$IZ,84,FALSE) -> 20.37 | P39: =RANK(O39,O$28:O$45) -> 10 | Q39: =VLOOKUP($A39,'L10'!$A:$IZ,85,FALSE) -> 20.619 | R39: =RANK(Q39,Q$28:Q$45) -> 15 | S39: =VLOOKUP($A39,'L10'!$A:$IZ,29,FALSE) -> 1.216 | T39: =RANK(S39,S$28:S$45) -> 9 | U39: =104-(N39+P39+R39+T39) -> 58 | V39: =RANK(U39,U$28:U$45) -> 11 | X39: =VLOOKUP($A39,'L10'!$A:$IZ,65,FALSE) -> 47.216 | Y39: =RANK(X39,X$28:X$45) -> 4 | Z39: =VLOOKUP($A39,'L10'!$A:$IZ,64,FALSE) -> 26.281 | AA39: =RANK(Z39,Z$28:Z$45) -> 5 | AB39: =VLOOKUP($A39,'L10'!$A:$IZ,63,FALSE) -> 51.082 | AC39: =RANK(AB39,AB$28:AB$45) -> 5 | AD39: =VLOOKUP($A39,'L10'!$A:$IZ,71,FALSE) -> -0.089 | AE39: =RANK(AD39,AD$28:AD$45) -> 9 | AF39: =104-(Y39+AA39+AC39+AE39) -> 81 | AG39: =RANK(AF39,AF$28:AF$45) -> 5 | AI39: =VLOOKUP($A39,'L10'!$A:$IZ,183,FALSE) -> 12.991 | AJ39: =RANK(AI39,AI$28:AI$45,1) -> 15 | AK39: =VLOOKUP($A39,'L10'!$A:$IZ,181,FALSE) -> 27.616 | AL39: =RANK(AK39,AK$28:AK$45,1) -> 18 | AM39: =VLOOKUP($A39,'L10'!$A:$IZ,182,FALSE) -> 28.097 | AN39: =RANK(AM39,AM$28:AM$45,1) -> 16 | AO39: =VLOOKUP($A39,'L10'!$A:$IZ,163,FALSE) -> 29.485 | AP39: =RANK(AO39,AO$28:AO$45,1) -> 18 | AQ39: =104-(AJ39+AL39+AN39+AP39) -> 37 | AR39: =RANK(AQ39,AQ$28:AQ$45) -> 18 | AT39: =VLOOKUP($A39,'L10'!$A:$IZ,250,FALSE) -> -3.6 | AU39: =RANK(AT39,AT$28:AT$45,0) -> 14 | AV39: =VLOOKUP($A39,'L10'!$A:$IZ,92,FALSE) -> 10.4 | AW39: =RANK(AV39,AV$28:AV$45,0) -> 10 | AX39: =VLOOKUP($A39,'L10'!$A:$IZ,93,FALSE) -> 262.7 | AY39: =RANK(AX39,AX$28:AX$45,0) -> 11 | AZ39: =VLOOKUP($A39,'L10'!$A:$IZ,108,FALSE) -> 39.6 | BA39: =RANK(AZ39,AZ$28:AZ$45,0) -> 14 | BB39: =104-(AU39+AW39+AY39+BA39) -> 55 | BC39: =RANK(BB39,BB$28:BB$45,0) -> 16 | BE39: =VLOOKUP($A39,'L10'!$A:$IZ,80,FALSE) -> 37.1 | BF39: =RANK(BE39,BE$28:BE$45) -> 14 | BG39: =VLOOKUP($A39,'L10'!$A:$IZ,177,FALSE) -> 63.1 | BH39: =RANK(BG39,BG$28:BG$45,1) -> 18 | BI39: =VLOOKUP($A39,'L10'!$A:$IZ,79,FALSE) -> 37.2 | BJ39: =RANK(BI39,BI$28:BI$45) -> 5 | BK39: =VLOOKUP($A39,'L10'!$A:$IZ,176,FALSE) -> 45 | BL39: =RANK(BK39,BK$28:BK$45,1) -> 18 | BM39: =VLOOKUP($A39,'L10'!$A:$IZ,11,FALSE) -> 45.629 | BN39: =RANK(BM39,BM$28:BM$45) -> 18 | BO39: =VLOOKUP($A39,'L10'!$A:$IZ,222,FALSE) -> -6.7 | BP39: =RANK(BO39,BO$28:BO$45) -> 15 | BQ39: =104-(BJ39+BL39+BN39+BP39) -> 48 | BR39: =RANK(BQ39,BQ$28:BQ$45) -> 16 | BT39: =VLOOKUP($A39,'Ratings Season'!$A:$M,8,FALSE) -> -21.4 | BU39: =RANK(BT39,BT$28:BT$45) -> 15 | BV39: =VLOOKUP($A39,'Ratings Season'!$A:$M,4,FALSE) -> -3.5 | BW39: =RANK(BV39,BV$28:BV$45) -> 11 | BX39: =VLOOKUP($A39,'Ratings Season'!$A:$M,2,FALSE) -> -20.1 | BY39: =RANK(BX39,BX$28:BX$45) -> 15
... A45: Western Bulldogs | B45: =VLOOKUP($A45,'L10'!$A:$IZ,222,FALSE) -> 3.1 | C45: =RANK(B45,B$28:B$45) -> 5 | D45: =VLOOKUP($A45,'L10'!$A:$IZ,218,FALSE) -> 8.1 | E45: =RANK(D45,D$28:D$45) -> 2 | F45: =VLOOKUP($A45,'L10'!$A:$IZ,49,FALSE) -> 80.383 | G45: =RANK(F45,F$28:F$45) -> 1 | H45: =VLOOKUP($A45,'L10'!$A:$IZ,229,FALSE) -> 6.7 | I45: =RANK(H45,H$28:H$45) -> 2 | J45: =104-(C45+E45+G45+I45) -> 94 | K45: =RANK(J45,J$28:J$45) -> 1 | M45: =VLOOKUP($A45,'L10'!$A:$IZ,88,FALSE) -> 17.304 | N45: =RANK(M45,M$28:M$45) -> 2 | O45: =VLOOKUP($A45,'L10'!$A:$IZ,84,FALSE) -> 25.753 | P45: =RANK(O45,O$28:O$45) -> 2 | Q45: =VLOOKUP($A45,'L10'!$A:$IZ,85,FALSE) -> 27.473 | R45: =RANK(Q45,Q$28:Q$45) -> 3 | S45: =VLOOKUP($A45,'L10'!$A:$IZ,29,FALSE) -> 6.571 | T45: =RANK(S45,S$28:S$45) -> 2 | U45: =104-(N45+P45+R45+T45) -> 95 | V45: =RANK(U45,U$28:U$45) -> 2 | X45: =VLOOKUP($A45,'L10'!$A:$IZ,65,FALSE) -> 51.254 | Y45: =RANK(X45,X$28:X$45) -> 1 | Z45: =VLOOKUP($A45,'L10'!$A:$IZ,64,FALSE) -> 31.004 | AA45: =RANK(Z45,Z$28:Z$45) -> 1 | AB45: =VLOOKUP($A45,'L10'!$A:$IZ,63,FALSE) -> 54.747 | AC45: =RANK(AB45,AB$28:AB$45) -> 1 | AD45: =VLOOKUP($A45,'L10'!$A:$IZ,71,FALSE) -> 6.022 | AE45: =RANK(AD45,AD$28:AD$45) -> 3 | AF45: =104-(Y45+AA45+AC45+AE45) -> 98 | AG45: =RANK(AF45,AF$28:AF$45) -> 1 | AI45: =VLOOKUP($A45,'L10'!$A:$IZ,183,FALSE) -> 9.181 | AJ45: =RANK(AI45,AI$28:AI$45,1) -> 6 | AK45: =VLOOKUP($A45,'L10'!$A:$IZ,181,FALSE) -> 19.753 | AL45: =RANK(AK45,AK$28:AK$45,1) -> 7 | AM45: =VLOOKUP($A45,'L10'!$A:$IZ,182,FALSE) -> 21.092 | AN45: =RANK(AM45,AM$28:AM$45,1) -> 4 | AO45: =VLOOKUP($A45,'L10'!$A:$IZ,163,FALSE) -> 23.529 | AP45: =RANK(AO45,AO$28:AO$45,1) -> 7 | AQ45: =104-(AJ45+AL45+AN45+AP45) -> 80 | AR45: =RANK(AQ45,AQ$28:AQ$45) -> 5 | AT45: =VLOOKUP($A45,'L10'!$A:$IZ,250,FALSE) -> -7 | AU45: =RANK(AT45,AT$28:AT$45,0) -> 17 | AV45: =VLOOKUP($A45,'L10'!$A:$IZ,92,FALSE) -> 12.2 | AW45: =RANK(AV45,AV$28:AV$45,0) -> 4 | AX45: =VLOOKUP($A45,'L10'!$A:$IZ,93,FALSE) -> 262.6 | AY45: =RANK(AX45,AX$28:AX$45,0) -> 12 | AZ45: =VLOOKUP($A45,'L10'!$A:$IZ,108,FALSE) -> 43.2 | BA45: =RANK(AZ45,AZ$28:AZ$45,0) -> 9 | BB45: =104-(AU45+AW45+AY45+BA45) -> 62 | BC45: =RANK(BB45,BB$28:BB$45,0) -> 12 | BE45: =VLOOKUP($A45,'L10'!$A:$IZ,80,FALSE) -> 65.5 | BF45: =RANK(BE45,BE$28:BE$45) -> 2 | BG45: =VLOOKUP($A45,'L10'!$A:$IZ,177,FALSE) -> 43 | BH45: =RANK(BG45,BG$28:BG$45,1) -> 7 | BI45: =VLOOKUP($A45,'L10'!$A:$IZ,79,FALSE) -> 43.4 | BJ45: =RANK(BI45,BI$28:BI$45) -> 2 | BK45: =VLOOKUP($A45,'L10'!$A:$IZ,176,FALSE) -> 28.2 | BL45: =RANK(BK45,BK$28:BK$45,1) -> 2 | BM45: =VLOOKUP($A45,'L10'!$A:$IZ,11,FALSE) -> 53.701 | BN45: =RANK(BM45,BM$28:BM$45) -> 2 | BO45: =VLOOKUP($A45,'L10'!$A:$IZ,222,FALSE) -> 3.1 | BP45: =RANK(BO45,BO$28:BO$45) -> 5 | BQ45: =104-(BJ45+BL45+BN45+BP45) -> 93 | BR45: =RANK(BQ45,BQ$28:BQ$45) -> 1 | BT45: =VLOOKUP($A45,'Ratings Season'!$A:$M,8,FALSE) -> 25.2 | BU45: =RANK(BT45,BT$28:BT$45) -> 2 | BV45: =VLOOKUP($A45,'Ratings Season'!$A:$M,4,FALSE) -> 22.4 | BW45: =RANK(BV45,BV$28:BV$45) -> 1 | BX45: =VLOOKUP($A45,'Ratings Season'!$A:$M,2,FALSE) -> 27.7 | BY45: =RANK(BX45,BX$28:BX$45) -> 2
A47: TREND
A49: Team | B49: Ball Winning | M49: Ball Movement | X49: Scoring | AI49: Defence | AT49: Pressure | BE49: Health Check | BT49: Wheelo Ratings
B50: Post Clear CP Diff | C50: Rank | D50: Ground Ball Diff | E50: Rank | F50: 1st Poss to Clear % | G50: Rank | H50: Clearance Diff | I50: Rank | J50: Ball Winning Ranking | K50: Rank | M50: Def Half to Score % | N50: Rank | O50: Chain to Score % | P50: Rank | Q50: D50 to F50 % | R50: Rank | S50: Kick Rating | T50: Rank | U50: Ball Movement Ranking | V50: Rank | X50: Scores per I50 % | Y50: Rank | Z50: Goals Per I 50 % | AA50: Rank | AB50: Accuracy % | AC50: Rank | AD50: +/- Exp Score | AE50: Rank | AF50: Scoring Ranking | AG50: Rank | AI50: Def Half to Score Ag % | AJ50: Rank | AK50: Chain to Score Ag % | AL50: Rank | AM50: D50 to F50 Ag % | AN50: Rank | AO50: Goals Per I50 Ag % | AP50: Rank | AQ50: Defence Ranking | AR50: Rank | AT50: Tackle Diff | AU50: Rank | AV50: F50 Tackles | AW50: Rank | AX50: Pressure Acts | AY50: Rank | AZ50: 1%'ers | BA50: Rank | BB50: Pressure Ranking | BC50: Rank | BE50: Score from Turnover For | BF50: Rank | BG50: Scores from Turnover Ag | BH50: Rank | BI50: Scores from Stoppages For | BJ50: Rank | BK50: Scores from Stoppage Ag | BL50: Rank | BM50: Territory % | BN50: Rank | BO50: Post-Clearance CP Diff | BP50: Rank | BQ50: Health Check Ranking | BR50: Rank | BT50: Attack Rating | BU50: Rank | BV50: Defence Rating | BW50: Rank | BX50: Overall Rating | BY50: Rank
A51: Adelaide | B51: =B28-B5 -> -0.88 | C51: =RANK(B51,B$51:B$68) -> 11 | D51: =D28-D5 -> -3.24 | E51: =RANK(D51,D$51:D$68) -> 18 | F51: =F28-F5 -> 0.433 | G51: =RANK(F51,F$51:F$68) -> 7 | H51: =H28-H5 -> -1.42 | I51: =RANK(H51,H$51:H$68) -> 15 | J51: =J28-J5 -> -6 | K51: =RANK(J51,J$51:J$68) -> 17 | M51: =M28-M5 -> -0.335 | N51: =RANK(M51,M$51:M$68) -> 11 | O51: =O28-O5 -> -0.495 | P51: =RANK(O51,O$51:O$68) -> 13 | Q51: =Q28-Q5 -> -0.839 | R51: =RANK(Q51,Q$51:Q$68) -> 15 | S51: =S28-S5 -> -0.822 | T51: =RANK(S51,S$51:S$68) -> 14 | U51: =U28-U5 -> -6 | V51: =RANK(U51,U$51:U$68) -> 14 | X51: =X28-X5 -> 0.885 | Y51: =RANK(X51,X$51:X$68) -> 9 | Z51: =Z28-Z5 -> 0.515 | AA51: =RANK(Z51,Z$51:Z$68) -> 8 | AB51: =AB28-AB5 -> 1.225 | AC51: =RANK(AB51,AB$51:AB$68) -> 5 | AD51: =AD28-AD5 -> 1.457 | AE51: =RANK(AD51,AD$51:AD$68) -> 6 | AF51: =AF28-AF5 -> -2 | AG51: =RANK(AF51,AF$51:AF$68) -> 13 | AI51: =AI28-AI5 -> -0.962 | AJ51: =RANK(AI51,AI$51:AI$68,1) -> 2 | AK51: =AK28-AK5 -> -0.15 | AL51: =RANK(AK51,AK$51:AK$68,1) -> 6 | AM51: =AM28-AM5 -> -2.499 | AN51: =RANK(AM51,AM$51:AM$68,1) -> 1 | AO51: =AO28-AO5 -> 1.055 | AP51: =RANK(AO51,AO$51:AO$68,1) -> 10 | AQ51: =AQ28-AQ5 -> -2 | AR51: =RANK(AQ51,AQ$51:AQ$68) -> 14 | AT51: =AT28-AT5 -> -3.22 | AU51: =RANK(AT51,AT$51:AT$68,1) -> 2 | AV51: =AV28-AV5 -> -1.62 | AW51: =RANK(AV51,AV$51:AV$68,1) -> 1 | AX51: =AX28-AX5 -> 5.92 | AY51: =RANK(AX51,AX$51:AX$68,1) -> 17 | AZ51: =AZ28-AZ5 -> 2.04 | BA51: =RANK(AZ51,AZ$51:AZ$68,1) -> 14 | BB51: =BB28-BB5 -> -2 | BC51: =RANK(BB51,BB$51:BB$68) -> 11 | BE51: =BE28-BE5 -> -5.3 | BF51: =RANK(BE51,BE$51:BE$68) -> 16 | BG51: =BG28-BG5 -> 0.18 | BH51: =RANK(BG51,BG$51:BG$68,1) -> 10 | BI51: =BI28-BI5 -> 1.64 | BJ51: =RANK(BI51,BI$51:BI$68) -> 5 | BK51: =BK28-BK5 -> 2.7 | BL51: =RANK(BK51,BK$51:BK$68,1) -> 13 | BM51: =BM28-BM5 -> -0.926 | BN51: =RANK(BM51,BM$51:BM$68) -> 14 | BO51: =BO28-BO5 -> -0.88 | BP51: =RANK(BO51,BO$51:BO$68) -> 11 | BQ51: =BQ28-BQ5 -> -4 | BR51: =RANK(BQ51,BQ$51:BQ$68) -> 18 | BT51: =BT28-BT5 -> 8.8 | BU51: =RANK(BT51,BT$51:BT$68) -> 4 | BV51: =BV28-BV5 -> -3.5 | BW51: =RANK(BV51,BV$51:BV$68) -> 12 | BX51: =BX28-BX5 -> -6.7 | BY51: =RANK(BX51,BX$51:BX$68) -> 18
A52: Brisbane | B52: =B29-B6 -> 0.052 | C52: =RANK(B52,B$51:B$68) -> 9 | D52: =D29-D6 -> 1.544 | E52: =RANK(D52,D$51:D$68) -> 7 | F52: =F29-F6 -> -1.747 | G52: =RANK(F52,F$51:F$68) -> 17 | H52: =H29-H6 -> 1.641 | I52: =RANK(H52,H$51:H$68) -> 3 | J52: =J29-J6 -> -3 | K52: =RANK(J52,J$51:J$68) -> 13 | M52: =M29-M6 -> -1.752 | N52: =RANK(M52,M$51:M$68) -> 17 | O52: =O29-O6 -> -0.364 | P52: =RANK(O52,O$51:O$68) -> 11 | Q52: =Q29-Q6 -> 0.605 | R52: =RANK(Q52,Q$51:Q$68) -> 8 | S52: =S29-S6 -> -0.516 | T52: =RANK(S52,S$51:S$68) -> 12 | U52: =U29-U6 -> -12 | V52: =RANK(U52,U$51:U$68) -> 16 | X52: =X29-X6 -> 0.538 | Y52: =RANK(X52,X$51:X$68) -> 10 | Z52: =Z29-Z6 -> -0.12 | AA52: =RANK(Z52,Z$51:Z$68) -> 12 | AB52: =AB29-AB6 -> -0.755 | AC52: =RANK(AB52,AB$51:AB$68) -> 13 | AD52: =AD29-AD6 -> 0.929 | AE52: =RANK(AD52,AD$51:AD$68) -> 7 | AF52: =AF29-AF6 -> 3 | AG52: =RANK(AF52,AF$51:AF$68) -> 6 | AI52: =AI29-AI6 -> 0.402 | AJ52: =RANK(AI52,AI$51:AI$68,1) -> 7 | AK52: =AK29-AK6 -> -0.072 | AL52: =RANK(AK52,AK$51:AK$68,1) -> 7 | AM52: =AM29-AM6 -> 0.956 | AN52: =RANK(AM52,AM$51:AM$68,1) -> 10 | AO52: =AO29-AO6 -> -0.499 | AP52: =RANK(AO52,AO$51:AO$68,1) -> 5 | AQ52: =AQ29-AQ6 -> 7 | AR52: =RANK(AQ52,AQ$51:AQ$68) -> 3 | AT52: =AT29-AT6 -> -0.278 | AU52: =RANK(AT52,AT$51:AT$68,1) -> 10 | AV52: =AV29-AV6 -> 0.396 | AW52: =RANK(AV52,AV$51:AV$68,1) -> 12 | AX52: =AX29-AX6 -> 1.193 | AY52: =RANK(AX52,AX$51:AX$68,1) -> 10 | AZ52: =AZ29-AZ6 -> 2.093 | BA52: =RANK(AZ52,AZ$51:AZ$68,1) -> 15 | BB52: =BB29-BB6 -> 2 | BC52: =RANK(BB52,BB$51:BB$68) -> 7 | BE52: =BE29-BE6 -> -0.011 | BF52: =RANK(BE52,BE$51:BE$68) -> 9 | BG52: =BG29-BG6 -> -1.315 | BH52: =RANK(BG52,BG$51:BG$68,1) -> 5 | BI52: =BI29-BI6 -> 0.904 | BJ52: =RANK(BI52,BI$51:BI$68) -> 6 | BK52: =BK29-BK6 -> 1.215 | BL52: =RANK(BK52,BK$51:BK$68,1) -> 8 | BM52: =BM29-BM6 -> -0.926 | BN52: =RANK(BM52,BM$51:BM$68) -> 13 | BO52: =BO29-BO6 -> 0.052 | BP52: =RANK(BO52,BO$51:BO$68) -> 9 | BQ52: =BQ29-BQ6 -> 9 | BR52: =RANK(BQ52,BQ$51:BQ$68) -> 12 | BT52: =BT29-BT6 -> 9.6 | BU52: =RANK(BT52,BT$51:BT$68) -> 2 | BV52: =BV29-BV6 -> 3.5 | BW52: =RANK(BV52,BV$51:BV$68) -> 5 | BX52: =BX29-BX6 -> 7.5 | BY52: =RANK(BX52,BX$51:BX$68) -> 1
A53: Carlton | B53: =B30-B7 -> -3.265 | C53: =RANK(B53,B$51:B$68) -> 17 | D53: =D30-D7 -> 0.587 | E53: =RANK(D53,D$51:D$68) -> 9 | F53: =F30-F7 -> 1.147 | G53: =RANK(F53,F$51:F$68) -> 3 | H53: =H30-H7 -> 1.291 | I53: =RANK(H53,H$51:H$68) -> 5 | J53: =J30-J7 -> -2 | K53: =RANK(J53,J$51:J$68) -> 11 | M53: =M30-M7 -> -0.843 | N53: =RANK(M53,M$51:M$68) -> 15 | O53: =O30-O7 -> -0.51 | P53: =RANK(O53,O$51:O$68) -> 14 | Q53: =Q30-Q7 -> -2.069 | R53: =RANK(Q53,Q$51:Q$68) -> 17 | S53: =S30-S7 -> -1.226 | T53: =RANK(S53,S$51:S$68) -> 15 | U53: =U30-U7 -> -6 | V53: =RANK(U53,U$51:U$68) -> 14 | X53: =X30-X7 -> 0.078 | Y53: =RANK(X53,X$51:X$68) -> 12 | Z53: =Z30-Z7 -> 0.465 | AA53: =RANK(Z53,Z$51:Z$68) -> 9 | AB53: =AB30-AB7 -> 0.448 | AC53: =RANK(AB53,AB$51:AB$68) -> 8 | AD53: =AD30-AD7 -> -0.853 | AE53: =RANK(AD53,AD$51:AD$68) -> 14 | AF53: =AF30-AF7 -> 2 | AG53: =RANK(AF53,AF$51:AF$68) -> 8 | AI53: =AI30-AI7 -> 1.061 | AJ53: =RANK(AI53,AI$51:AI$68,1) -> 16 | AK53: =AK30-AK7 -> 1.877 | AL53: =RANK(AK53,AK$51:AK$68,1) -> 17 | AM53: =AM30-AM7 -> 3.251 | AN53: =RANK(AM53,AM$51:AM$68,1) -> 18 | AO53: =AO30-AO7 -> 1.587 | AP53: =RANK(AO53,AO$51:AO$68,1) -> 13 | AQ53: =AQ30-AQ7 -> -17 | AR53: =RANK(AQ53,AQ$51:AQ$68) -> 18 | AT53: =AT30-AT7 -> -1.317 | AU53: =RANK(AT53,AT$51:AT$68,1) -> 4 | AV53: =AV30-AV7 -> -1.552 | AW53: =RANK(AV53,AV$51:AV$68,1) -> 2 | AX53: =AX30-AX7 -> 2.683 | AY53: =RANK(AX53,AX$51:AX$68,1) -> 12 | AZ53: =AZ30-AZ7 -> -1.417 | BA53: =RANK(AZ53,AZ$51:AZ$68,1) -> 6 | BB53: =BB30-BB7 -> -11 | BC53: =RANK(BB53,BB$51:BB$68) -> 17 | BE53: =BE30-BE7 -> -1.596 | BF53: =RANK(BE53,BE$51:BE$68) -> 11 | BG53: =BG30-BG7 -> 1.113 | BH53: =RANK(BG53,BG$51:BG$68,1) -> 12 | BI53: =BI30-BI7 -> -1.304 | BJ53: =RANK(BI53,BI$51:BI$68) -> 10 | BK53: =BK30-BK7 -> 5.657 | BL53: =RANK(BK53,BK$51:BK$68,1) -> 18 | BM53: =BM30-BM7 -> -1.345 | BN53: =RANK(BM53,BM$51:BM$68) -> 17 | BO53: =BO30-BO7 -> -3.265 | BP53: =RANK(BO53,BO$51:BO$68) -> 17 | BQ53: =BQ30-BQ7 -> 4 | BR53: =RANK(BQ53,BQ$51:BQ$68) -> 15 | BT53: =BT30-BT7 -> 4.1 | BU53: =RANK(BT53,BT$51:BT$68) -> 8 | BV53: =BV30-BV7 -> -10.5 | BW53: =RANK(BV53,BV$51:BV$68) -> 17 | BX53: =BX30-BX7 -> -0.7 | BY53: =RANK(BX53,BX$51:BX$68) -> 12
A54: Collingwood | B54: =B31-B8 -> -0.8 | C54: =RANK(B54,B$51:B$68) -> 10 | D54: =D31-D8 -> -1.94 | E54: =RANK(D54,D$51:D$68) -> 14 | F54: =F31-F8 -> -3.257 | G54: =RANK(F54,F$51:F$68) -> 18 | H54: =H31-H8 -> -2.44 | I54: =RANK(H54,H$51:H$68) -> 16 | J54: =J31-J8 -> -3 | K54: =RANK(J54,J$51:J$68) -> 13 | M54: =M31-M8 -> -2.523 | N54: =RANK(M54,M$51:M$68) -> 18 | O54: =O31-O8 -> -2.187 | P54: =RANK(O54,O$51:O$68) -> 18 | Q54: =Q31-Q8 -> 2.659 | R54: =RANK(Q54,Q$51:Q$68) -> 2 | S54: =S31-S8 -> -3.597 | T54: =RANK(S54,S$51:S$68) -> 18 | U54: =U31-U8 -> -17 | V54: =RANK(U54,U$51:U$68) -> 17 | X54: =X31-X8 -> -5.182 | Y54: =RANK(X54,X$51:X$68) -> 18 | Z54: =Z31-Z8 -> -3.708 | AA54: =RANK(Z54,Z$51:Z$68) -> 18 | AB54: =AB31-AB8 -> -2.342 | AC54: =RANK(AB54,AB$51:AB$68) -> 17 | AD54: =AD31-AD8 -> 0.357 | AE54: =RANK(AD54,AD$51:AD$68) -> 9 | AF54: =AF31-AF8 -> -20 | AG54: =RANK(AF54,AF$51:AF$68) -> 18 | AI54: =AI31-AI8 -> -0.565 | AJ54: =RANK(AI54,AI$51:AI$68,1) -> 3 | AK54: =AK31-AK8 -> -0.167 | AL54: =RANK(AK54,AK$51:AK$68,1) -> 5 | AM54: =AM31-AM8 -> -2.147 | AN54: =RANK(AM54,AM$51:AM$68,1) -> 2 | AO54: =AO31-AO8 -> 2.356 | AP54: =RANK(AO54,AO$51:AO$68,1) -> 17 | AQ54: =AQ31-AQ8 -> 12 | AR54: =RANK(AQ54,AQ$51:AQ$68) -> 1 | AT54: =AT31-AT8 -> -2.34 | AU54: =RANK(AT54,AT$51:AT$68,1) -> 3 | AV54: =AV31-AV8 -> 2.2 | AW54: =RANK(AV54,AV$51:AV$68,1) -> 18 | AX54: =AX31-AX8 -> 5.42 | AY54: =RANK(AX54,AX$51:AX$68,1) -> 16 | AZ54: =AZ31-AZ8 -> -0.26 | BA54: =RANK(AZ54,AZ$51:AZ$68,1) -> 11 | BB54: =BB31-BB8 -> 1 | BC54: =RANK(BB54,BB$51:BB$68) -> 9 | BE54: =BE31-BE8 -> -8.56 | BF54: =RANK(BE54,BE$51:BE$68) -> 18 | BG54: =BG31-BG8 -> 0.56 | BH54: =RANK(BG54,BG$51:BG$68,1) -> 11 | BI54: =BI31-BI8 -> -2.2 | BJ54: =RANK(BI54,BI$51:BI$68) -> 15 | BK54: =BK31-BK8 -> 5.34 | BL54: =RANK(BK54,BK$51:BK$68,1) -> 17 | BM54: =BM31-BM8 -> 0.127 | BN54: =RANK(BM54,BM$51:BM$68) -> 6 | BO54: =BO31-BO8 -> -0.8 | BP54: =RANK(BO54,BO$51:BO$68) -> 10 | BQ54: =BQ31-BQ8 -> -3 | BR54: =RANK(BQ54,BQ$51:BQ$68) -> 17 | BT54: =BT31-BT8 -> 14.3 | BU54: =RANK(BT54,BT$51:BT$68) -> 1 | BV54: =BV31-BV8 -> -14.7 | BW54: =RANK(BV54,BV$51:BV$68) -> 18 | BX54: =BX31-BX8 -> -5.4 | BY54: =RANK(BX54,BX$51:BX$68) -> 17
A55: Essendon | B55: =B32-B9 -> -1.622 | C55: =RANK(B55,B$51:B$68) -> 15 | D55: =D32-D9 -> 0.235 | E55: =RANK(D55,D$51:D$68) -> 10 | F55: =F32-F9 -> -0.073 | G55: =RANK(F55,F$51:F$68) -> 9 | H55: =H32-H9 -> -5.226 | I55: =RANK(H55,H$51:H$68) -> 18 | J55: =J32-J9 -> -12 | K55: =RANK(J55,J$51:J$68) -> 18 | M55: =M32-M9 -> -1.144 | N55: =RANK(M55,M$51:M$68) -> 16 | O55: =O32-O9 -> -0.352 | P55: =RANK(O55,O$51:O$68) -> 10 | Q55: =Q32-Q9 -> 0.656 | R55: =RANK(Q55,Q$51:Q$68) -> 7 | S55: =S32-S9 -> -0.467 | T55: =RANK(S55,S$51:S$68) -> 11 | U55: =U32-U9 -> 6 | V55: =RANK(U55,U$51:U$68) -> 4 | X55: =X32-X9 -> -2.475 | Y55: =RANK(X55,X$51:X$68) -> 16 | Z55: =Z32-Z9 -> -2.962 | AA55: =RANK(Z55,Z$51:Z$68) -> 17 | AB55: =AB32-AB9 -> -3.158 | AC55: =RANK(AB55,AB$51:AB$68) -> 18 | AD55: =AD32-AD9 -> -3.609 | AE55: =RANK(AD55,AD$51:AD$68) -> 17 | AF55: =AF32-AF9 -> -13 | AG55: =RANK(AF55,AF$51:AF$68) -> 16 | AI55: =AI32-AI9 -> -0.284 | AJ55: =RANK(AI55,AI$51:AI$68,1) -> 4 | AK55: =AK32-AK9 -> 0.68 | AL55: =RANK(AK55,AK$51:AK$68,1) -> 12 | AM55: =AM32-AM9 -> 0.974 | AN55: =RANK(AM55,AM$51:AM$68,1) -> 11 | AO55: =AO32-AO9 -> 1.472 | AP55: =RANK(AO55,AO$51:AO$68,1) -> 12 | AQ55: =AQ32-AQ9 -> 1 | AR55: =RANK(AQ55,AQ$51:AQ$68) -> 7 | AT55: =AT32-AT9 -> -0.183 | AU55: =RANK(AT55,AT$51:AT$68,1) -> 11 | AV55: =AV32-AV9 -> 1.517 | AW55: =RANK(AV55,AV$51:AV$68,1) -> 16 | AX55: =AX32-AX9 -> 3.822 | AY55: =RANK(AX55,AX$51:AX$68,1) -> 15 | AZ55: =AZ32-AZ9 -> -3.065 | BA55: =RANK(AZ55,AZ$51:AZ$68,1) -> 4 | BB55: =BB32-BB9 -> 7 | BC55: =RANK(BB55,BB$51:BB$68) -> 4 | BE55: =BE32-BE9 -> -3.457 | BF55: =RANK(BE55,BE$51:BE$68) -> 15 | BG55: =BG32-BG9 -> 2.452 | BH55: =RANK(BG55,BG$51:BG$68,1) -> 14 | BI55: =BI32-BI9 -> -5.726 | BJ55: =RANK(BI55,BI$51:BI$68) -> 18 | BK55: =BK32-BK9 -> 3.248 | BL55: =RANK(BK55,BK$51:BK$68,1) -> 15 | BM55: =BM32-BM9 -> -0.099 | BN55: =RANK(BM55,BM$51:BM$68) -> 8 | BO55: =BO32-BO9 -> -1.622 | BP55: =RANK(BO55,BO$51:BO$68) -> 15 | BQ55: =BQ32-BQ9 -> 23 | BR55: =RANK(BQ55,BQ$51:BQ$68) -> 7 | BT55: =BT32-BT9 -> -8.3 | BU55: =RANK(BT55,BT$51:BT$68) -> 15 | BV55: =BV32-BV9 -> -8.3 | BW55: =RANK(BV55,BV$51:BV$68) -> 15 | BX55: =BX32-BX9 -> -4.2 | BY55: =RANK(BX55,BX$51:BX$68) -> 15
A56: Fremantle | B56: =B33-B10 -> -0.883 | C56: =RANK(B56,B$51:B$68) -> 12 | D56: =D33-D10 -> -2.108 | E56: =RANK(D56,D$51:D$68) -> 15 | F56: =F33-F10 -> -0.183 | G56: =RANK(F56,F$51:F$68) -> 10 | H56: =H33-H10 -> -0.375 | I56: =RANK(H56,H$51:H$68) -> 12 | J56: =J33-J10 -> 1 | K56: =RANK(J56,J$51:J$68) -> 6 | M56: =M33-M10 -> -0.41 | N56: =RANK(M56,M$51:M$68) -> 12 | O56: =O33-O10 -> -0.217 | P56: =RANK(O56,O$51:O$68) -> 8 | Q56: =Q33-Q10 -> 0.48 | R56: =RANK(Q56,Q$51:Q$68) -> 10 | S56: =S33-S10 -> 1.17 | T56: =RANK(S56,S$51:S$68) -> 8 | U56: =U33-U10 -> -2 | V56: =RANK(U56,U$51:U$68) -> 12 | X56: =X33-X10 -> 1.319 | Y56: =RANK(X56,X$51:X$68) -> 6 | Z56: =Z33-Z10 -> 1.111 | AA56: =RANK(Z56,Z$51:Z$68) -> 5 | AB56: =AB33-AB10 -> -1.196 | AC56: =RANK(AB56,AB$51:AB$68) -> 14 | AD56: =AD33-AD10 -> -1.62 | AE56: =RANK(AD56,AD$51:AD$68) -> 15 | AF56: =AF33-AF10 -> 1 | AG56: =RANK(AF56,AF$51:AF$68) -> 10 | AI56: =AI33-AI10 -> 0.496 | AJ56: =RANK(AI56,AI$51:AI$68,1) -> 9 | AK56: =AK33-AK10 -> 0.416 | AL56: =RANK(AK56,AK$51:AK$68,1) -> 10 | AM56: =AM33-AM10 -> -0.521 | AN56: =RANK(AM56,AM$51:AM$68,1) -> 5 | AO56: =AO33-AO10 -> 0.554 | AP56: =RANK(AO56,AO$51:AO$68,1) -> 9 | AQ56: =AQ33-AQ10 -> 1 | AR56: =RANK(AQ56,AQ$51:AQ$68) -> 7 | AT56: =AT33-AT10 -> 2.15 | AU56: =RANK(AT56,AT$51:AT$68,1) -> 15 | AV56: =AV33-AV10 -> -0.192 | AW56: =RANK(AV56,AV$51:AV$68,1) -> 8 | AX56: =AX33-AX10 -> 7.15 | AY56: =RANK(AX56,AX$51:AX$68,1) -> 18 | AZ56: =AZ33-AZ10 -> 2.275 | BA56: =RANK(AZ56,AZ$51:AZ$68,1) -> 16 | BB56: =BB33-BB10 -> 6 | BC56: =RANK(BB56,BB$51:BB$68) -> 5 | BE56: =BE33-BE10 -> 2.167 | BF56: =RANK(BE56,BE$51:BE$68) -> 4 | BG56: =BG33-BG10 -> 1.3 | BH56: =RANK(BG56,BG$51:BG$68,1) -> 13 | BI56: =BI33-BI10 -> -1.742 | BJ56: =RANK(BI56,BI$51:BI$68) -> 14 | BK56: =BK33-BK10 -> 1.375 | BL56: =RANK(BK56,BK$51:BK$68,1) -> 9 | BM56: =BM33-BM10 -> -1.121 | BN56: =RANK(BM56,BM$51:BM$68) -> 15 | BO56: =BO33-BO10 -> -0.883 | BP56: =RANK(BO56,BO$51:BO$68) -> 12 | BQ56: =BQ33-BQ10 -> 12 | BR56: =RANK(BQ56,BQ$51:BQ$68) -> 10 | BT56: =BT33-BT10 -> 5.4 | BU56: =RANK(BT56,BT$51:BT$68) -> 7 | BV56: =BV33-BV10 -> -4.4 | BW56: =RANK(BV56,BV$51:BV$68) -> 13 | BX56: =BX33-BX10 -> -0.4 | BY56: =RANK(BX56,BX$51:BX$68) -> 11
A57: Geelong | B57: =B34-B11 -> 3.069 | C57: =RANK(B57,B$51:B$68) -> 3 | D57: =D34-D11 -> -0.992 | E57: =RANK(D57,D$51:D$68) -> 12 | F57: =F34-F11 -> -0.953 | G57: =RANK(F57,F$51:F$68) -> 13 | H57: =H34-H11 -> -0.138 | I57: =RANK(H57,H$51:H$68) -> 10 | J57: =J34-J11 -> -5 | K57: =RANK(J57,J$51:J$68) -> 16 | M57: =M34-M11 -> 2.314 | N57: =RANK(M57,M$51:M$68) -> 1 | O57: =O34-O11 -> 2.625 | P57: =RANK(O57,O$51:O$68) -> 1 | Q57: =Q34-Q11 -> 1.975 | R57: =RANK(Q57,Q$51:Q$68) -> 4 | S57: =S34-S11 -> 2.539 | T57: =RANK(S57,S$51:S$68) -> 1 | U57: =U34-U11 -> 2 | V57: =RANK(U57,U$51:U$68) -> 8 | X57: =X34-X11 -> 1.342 | Y57: =RANK(X57,X$51:X$68) -> 4 | Z57: =Z34-Z11 -> 0.011 | AA57: =RANK(Z57,Z$51:Z$68) -> 11 | AB57: =AB34-AB11 -> -0.469 | AC57: =RANK(AB57,AB$51:AB$68) -> 11 | AD57: =AD34-AD11 -> 2.465 | AE57: =RANK(AD57,AD$51:AD$68) -> 3 | AF57: =AF34-AF11 -> -3 | AG57: =RANK(AF57,AF$51:AF$68) -> 14 | AI57: =AI34-AI11 -> 0.146 | AJ57: =RANK(AI57,AI$51:AI$68,1) -> 6 | AK57: =AK34-AK11 -> 0.042 | AL57: =RANK(AK57,AK$51:AK$68,1) -> 8 | AM57: =AM34-AM11 -> -0.548 | AN57: =RANK(AM57,AM$51:AM$68,1) -> 4 | AO57: =AO34-AO11 -> 2.035 | AP57: =RANK(AO57,AO$51:AO$68,1) -> 15 | AQ57: =AQ34-AQ11 -> 1 | AR57: =RANK(AQ57,AQ$51:AQ$68) -> 7 | AT57: =AT34-AT11 -> -0.685 | AU57: =RANK(AT57,AT$51:AT$68,1) -> 7 | AV57: =AV34-AV11 -> -0.777 | AW57: =RANK(AV57,AV$51:AV$68,1) -> 5 | AX57: =AX34-AX11 -> -5.215 | AY57: =RANK(AX57,AX$51:AX$68,1) -> 6 | AZ57: =AZ34-AZ11 -> -4.185 | BA57: =RANK(AZ57,AZ$51:AZ$68,1) -> 1 | BB57: =BB34-BB11 -> -8 | BC57: =RANK(BB57,BB$51:BB$68) -> 15 | BE57: =BE34-BE11 -> 7.608 | BF57: =RANK(BE57,BE$51:BE$68) -> 2 | BG57: =BG34-BG11 -> -1.308 | BH57: =RANK(BG57,BG$51:BG$68,1) -> 6 | BI57: =BI34-BI11 -> -1.362 | BJ57: =RANK(BI57,BI$51:BI$68) -> 11 | BK57: =BK34-BK11 -> 2.923 | BL57: =RANK(BK57,BK$51:BK$68,1) -> 14 | BM57: =BM34-BM11 -> 1.954 | BN57: =RANK(BM57,BM$51:BM$68) -> 1 | BO57: =BO34-BO11 -> 3.069 | BP57: =RANK(BO57,BO$51:BO$68) -> 3 | BQ57: =BQ34-BQ11 -> 3 | BR57: =RANK(BQ57,BQ$51:BQ$68) -> 16 | BT57: =BT34-BT11 -> 6.4 | BU57: =RANK(BT57,BT$51:BT$68) -> 6 | BV57: =BV34-BV11 -> 15.3 | BW57: =RANK(BV57,BV$51:BV$68) -> 2 | BX57: =BX34-BX11 -> 3.6 | BY57: =RANK(BX57,BX$51:BX$68) -> 3
A58: Gold Coast | B58: =B35-B12 -> -1.26 | C58: =RANK(B58,B$51:B$68) -> 13 | D58: =D35-D12 -> 1.74 | E58: =RANK(D58,D$51:D$68) -> 5 | F58: =F35-F12 -> 0.145 | G58: =RANK(F58,F$51:F$68) -> 8 | H58: =H35-H12 -> -1.08 | I58: =RANK(H58,H$51:H$68) -> 14 | J58: =J35-J12 -> -3 | K58: =RANK(J58,J$51:J$68) -> 13 | M58: =M35-M12 -> 1.144 | N58: =RANK(M58,M$51:M$68) -> 4 | O58: =O35-O12 -> -0.328 | P58: =RANK(O58,O$51:O$68) -> 9 | Q58: =Q35-Q12 -> 0.198 | R58: =RANK(Q58,Q$51:Q$68) -> 11 | S58: =S35-S12 -> -0.524 | T58: =RANK(S58,S$51:S$68) -> 13 | U58: =U35-U12 -> 0 | V58: =RANK(U58,U$51:U$68) -> 10 | X58: =X35-X12 -> 0.339 | Y58: =RANK(X58,X$51:X$68) -> 11 | Z58: =Z35-Z12 -> -0.531 | AA58: =RANK(Z58,Z$51:Z$68) -> 14 | AB58: =AB35-AB12 -> -2.149 | AC58: =RANK(AB58,AB$51:AB$68) -> 16 | AD58: =AD35-AD12 -> -0.206 | AE58: =RANK(AD58,AD$51:AD$68) -> 12 | AF58: =AF35-AF12 -> -7 | AG58: =RANK(AF58,AF$51:AF$68) -> 15 | AI58: =AI35-AI12 -> 1.057 | AJ58: =RANK(AI58,AI$51:AI$68,1) -> 15 | AK58: =AK35-AK12 -> 0.555 | AL58: =RANK(AK58,AK$51:AK$68,1) -> 11 | AM58: =AM35-AM12 -> 1.299 | AN58: =RANK(AM58,AM$51:AM$68,1) -> 14 | AO58: =AO35-AO12 -> -1.074 | AP58: =RANK(AO58,AO$51:AO$68,1) -> 1 | AQ58: =AQ35-AQ12 -> 4 | AR58: =RANK(AQ58,AQ$51:AQ$68) -> 4 | AT58: =AT35-AT12 -> -0.62 | AU58: =RANK(AT58,AT$51:AT$68,1) -> 8 | AV58: =AV35-AV12 -> 0.46 | AW58: =RANK(AV58,AV$51:AV$68,1) -> 13 | AX58: =AX35-AX12 -> -9.66 | AY58: =RANK(AX58,AX$51:AX$68,1) -> 2 | AZ58: =AZ35-AZ12 -> -1.92 | BA58: =RANK(AZ58,AZ$51:AZ$68,1) -> 5 | BB58: =BB35-BB12 -> -9 | BC58: =RANK(BB58,BB$51:BB$68) -> 16 | BE58: =BE35-BE12 -> -2.86 | BF58: =RANK(BE58,BE$51:BE$68) -> 13 | BG58: =BG35-BG12 -> -1.54 | BH58: =RANK(BG58,BG$51:BG$68,1) -> 4 | BI58: =BI35-BI12 -> -1.42 | BJ58: =RANK(BI58,BI$51:BI$68) -> 12 | BK58: =BK35-BK12 -> -1.36 | BL58: =RANK(BK58,BK$51:BK$68,1) -> 6 | BM58: =BM35-BM12 -> -0.418 | BN58: =RANK(BM58,BM$51:BM$68) -> 11 | BO58: =BO35-BO12 -> -1.26 | BP58: =RANK(BO58,BO$51:BO$68) -> 13 | BQ58: =BQ35-BQ12 -> 8 | BR58: =RANK(BQ58,BQ$51:BQ$68) -> 13 | BT58: =BT35-BT12 -> 7.5 | BU58: =RANK(BT58,BT$51:BT$68) -> 5 | BV58: =BV35-BV12 -> -1.2 | BW58: =RANK(BV58,BV$51:BV$68) -> 9 | BX58: =BX35-BX12 -> -4.4 | BY58: =RANK(BX58,BX$51:BX$68) -> 16
A59: Greater Western Sydney | B59: =B36-B13 -> 1.883 | C59: =RANK(B59,B$51:B$68) -> 4 | D59: =D36-D13 -> 2.533 | E59: =RANK(D59,D$51:D$68) -> 4 | F59: =F36-F13 -> 0.617 | G59: =RANK(F59,F$51:F$68) -> 6 | H59: =H36-H13 -> 2.683 | I59: =RANK(H59,H$51:H$68) -> 1 | J59: =J36-J13 -> 12 | K59: =RANK(J59,J$51:J$68) -> 1 | M59: =M36-M13 -> 0.019 | N59: =RANK(M59,M$51:M$68) -> 10 | O59: =O36-O13 -> 2.198 | P59: =RANK(O59,O$51:O$68) -> 2 | Q59: =Q36-Q13 -> 0.534 | R59: =RANK(Q59,Q$51:Q$68) -> 9 | S59: =S36-S13 -> 0.51 | T59: =RANK(S59,S$51:S$68) -> 9 | U59: =U36-U13 -> 4 | V59: =RANK(U59,U$51:U$68) -> 7 | X59: =X36-X13 -> 1.304 | Y59: =RANK(X59,X$51:X$68) -> 7 | Z59: =Z36-Z13 -> 1.68 | AA59: =RANK(Z59,Z$51:Z$68) -> 4 | AB59: =AB36-AB13 -> 1.27 | AC59: =RANK(AB59,AB$51:AB$68) -> 4 | AD59: =AD36-AD13 -> 2.248 | AE59: =RANK(AD59,AD$51:AD$68) -> 4 | AF59: =AF36-AF13 -> 4 | AG59: =RANK(AF59,AF$51:AF$68) -> 5 | AI59: =AI36-AI13 -> 0.469 | AJ59: =RANK(AI59,AI$51:AI$68,1) -> 8 | AK59: =AK36-AK13 -> -0.229 | AL59: =RANK(AK59,AK$51:AK$68,1) -> 2 | AM59: =AM36-AM13 -> -0.655 | AN59: =RANK(AM59,AM$51:AM$68,1) -> 3 | AO59: =AO36-AO13 -> 2.166 | AP59: =RANK(AO59,AO$51:AO$68,1) -> 16 | AQ59: =AQ36-AQ13 -> 2 | AR59: =RANK(AQ59,AQ$51:AQ$68) -> 6 | AT59: =AT36-AT13 -> -3.325 | AU59: =RANK(AT59,AT$51:AT$68,1) -> 1 | AV59: =AV36-AV13 -> -0.583 | AW59: =RANK(AV59,AV$51:AV$68,1) -> 6 | AX59: =AX36-AX13 -> 3.258 | AY59: =RANK(AX59,AX$51:AX$68,1) -> 14 | AZ59: =AZ36-AZ13 -> -3.158 | BA59: =RANK(AZ59,AZ$51:AZ$68,1) -> 3 | BB59: =BB36-BB13 -> -5 | BC59: =RANK(BB59,BB$51:BB$68) -> 13 | BE59: =BE36-BE13 -> 1.208 | BF59: =RANK(BE59,BE$51:BE$68) -> 6 | BG59: =BG36-BG13 -> 4.05 | BH59: =RANK(BG59,BG$51:BG$68,1) -> 16 | BI59: =BI36-BI13 -> 9.258 | BJ59: =RANK(BI59,BI$51:BI$68) -> 1 | BK59: =BK36-BK13 -> -2.65 | BL59: =RANK(BK59,BK$51:BK$68,1) -> 4 | BM59: =BM36-BM13 -> 0.87 | BN59: =RANK(BM59,BM$51:BM$68) -> 3 | BO59: =BO36-BO13 -> 1.883 | BP59: =RANK(BO59,BO$51:BO$68) -> 4 | BQ59: =BQ36-BQ13 -> 29 | BR59: =RANK(BQ59,BQ$51:BQ$68) -> 6 | BT59: =BT36-BT13 -> 1.2 | BU59: =RANK(BT59,BT$51:BT$68) -> 10 | BV59: =BV36-BV13 -> 8.2 | BW59: =RANK(BV59,BV$51:BV$68) -> 4 | BX59: =BX36-BX13 -> 0 | BY59: =RANK(BX59,BX$51:BX$68) -> 10
A60: Hawthorn | B60: =B37-B14 -> 1.762 | C60: =RANK(B60,B$51:B$68) -> 6 | D60: =D37-D14 -> 5.992 | E60: =RANK(D60,D$51:D$68) -> 1 | F60: =F37-F14 -> -1.169 | G60: =RANK(F60,F$51:F$68) -> 14 | H60: =H37-H14 -> -0.346 | I60: =RANK(H60,H$51:H$68) -> 11 | J60: =J37-J14 -> 9 | K60: =RANK(J60,J$51:J$68) -> 2 | M60: =M37-M14 -> -0.814 | N60: =RANK(M60,M$51:M$68) -> 14 | O60: =O37-O14 -> -0.912 | P60: =RANK(O60,O$51:O$68) -> 16 | Q60: =Q37-Q14 -> -2.375 | R60: =RANK(Q60,Q$51:Q$68) -> 18 | S60: =S37-S14 -> -3.077 | T60: =RANK(S60,S$51:S$68) -> 17 | U60: =U37-U14 -> -21 | V60: =RANK(U60,U$51:U$68) -> 18 | X60: =X37-X14 -> 0.006 | Y60: =RANK(X60,X$51:X$68) -> 13 | Z60: =Z37-Z14 -> 0.294 | AA60: =RANK(Z60,Z$51:Z$68) -> 10 | AB60: =AB37-AB14 -> 1.216 | AC60: =RANK(AB60,AB$51:AB$68) -> 6 | AD60: =AD37-AD14 -> 3.231 | AE60: =RANK(AD60,AD$51:AD$68) -> 2 | AF60: =AF37-AF14 -> 0 | AG60: =RANK(AF60,AF$51:AF$68) -> 11 | AI60: =AI37-AI14 -> -0.976 | AJ60: =RANK(AI60,AI$51:AI$68,1) -> 1 | AK60: =AK37-AK14 -> -0.992 | AL60: =RANK(AK60,AK$51:AK$68,1) -> 1 | AM60: =AM37-AM14 -> 1.276 | AN60: =RANK(AM60,AM$51:AM$68,1) -> 13 | AO60: =AO37-AO14 -> -0.942 | AP60: =RANK(AO60,AO$51:AO$68,1) -> 3 | AQ60: =AQ37-AQ14 -> 0 | AR60: =RANK(AQ60,AQ$51:AQ$68) -> 11 | AT60: =AT37-AT14 -> 0.146 | AU60: =RANK(AT60,AT$51:AT$68,1) -> 12 | AV60: =AV37-AV14 -> 2.008 | AW60: =RANK(AV60,AV$51:AV$68,1) -> 17 | AX60: =AX37-AX14 -> 2.946 | AY60: =RANK(AX60,AX$51:AX$68,1) -> 13 | AZ60: =AZ37-AZ14 -> 5.208 | BA60: =RANK(AZ60,AZ$51:AZ$68,1) -> 18 | BB60: =BB37-BB14 -> 10 | BC60: =RANK(BB60,BB$51:BB$68) -> 2 | BE60: =BE37-BE14 -> 3.054 | BF60: =RANK(BE60,BE$51:BE$68) -> 3 | BG60: =BG37-BG14 -> -2.962 | BH60: =RANK(BG60,BG$51:BG$68,1) -> 2 | BI60: =BI37-BI14 -> -0.977 | BJ60: =RANK(BI60,BI$51:BI$68) -> 9 | BK60: =BK37-BK14 -> 1.923 | BL60: =RANK(BK60,BK$51:BK$68,1) -> 10 | BM60: =BM37-BM14 -> 0.005 | BN60: =RANK(BM60,BM$51:BM$68) -> 7 | BO60: =BO37-BO14 -> 1.762 | BP60: =RANK(BO60,BO$51:BO$68) -> 6 | BQ60: =BQ37-BQ14 -> 5 | BR60: =RANK(BQ60,BQ$51:BQ$68) -> 14 | BT60: =BT37-BT14 -> 9.2 | BU60: =RANK(BT60,BT$51:BT$68) -> 3 | BV60: =BV37-BV14 -> 1.6 | BW60: =RANK(BV60,BV$51:BV$68) -> 7 | BX60: =BX37-BX14 -> 5.6 | BY60: =RANK(BX60,BX$51:BX$68) -> 2
A61: Melbourne | B61: =B38-B15 -> 4.096 | C61: =RANK(B61,B$51:B$68) -> 1 | D61: =D38-D15 -> 2.748 | E61: =RANK(D61,D$51:D$68) -> 3 | F61: =F38-F15 -> -1.311 | G61: =RANK(F61,F$51:F$68) -> 16 | H61: =H38-H15 -> -0.857 | I61: =RANK(H61,H$51:H$68) -> 13 | J61: =J38-J15 -> 3 | K61: =RANK(J61,J$51:J$68) -> 5 | M61: =M38-M15 -> 0.687 | N61: =RANK(M61,M$51:M$68) -> 6 | O61: =O38-O15 -> 0.255 | P61: =RANK(O61,O$51:O$68) -> 7 | Q61: =Q38-Q15 -> -1.805 | R61: =RANK(Q61,Q$51:Q$68) -> 16 | S61: =S38-S15 -> 2.067 | T61: =RANK(S61,S$51:S$68) -> 3 | U61: =U38-U15 -> 8 | V61: =RANK(U61,U$51:U$68) -> 3 | X61: =X38-X15 -> 0.992 | Y61: =RANK(X61,X$51:X$68) -> 8 | Z61: =Z38-Z15 -> 2.34 | AA61: =RANK(Z61,Z$51:Z$68) -> 2 | AB61: =AB38-AB15 -> 3.548 | AC61: =RANK(AB61,AB$51:AB$68) -> 1 | AD61: =AD38-AD15 -> 4.203 | AE61: =RANK(AD61,AD$51:AD$68) -> 1 | AF61: =AF38-AF15 -> 23 | AG61: =RANK(AF61,AF$51:AF$68) -> 1 | AI61: =AI38-AI15 -> 0.607 | AJ61: =RANK(AI61,AI$51:AI$68,1) -> 11 | AK61: =AK38-AK15 -> 0.764 | AL61: =RANK(AK61,AK$51:AK$68,1) -> 14 | AM61: =AM38-AM15 -> 2.376 | AN61: =RANK(AM61,AM$51:AM$68,1) -> 15 | AO61: =AO38-AO15 -> -0.972 | AP61: =RANK(AO61,AO$51:AO$68,1) -> 2 | AQ61: =AQ38-AQ15 -> 3 | AR61: =RANK(AQ61,AQ$51:AQ$68) -> 5 | AT61: =AT38-AT15 -> -0.796 | AU61: =RANK(AT61,AT$51:AT$68,1) -> 6 | AV61: =AV38-AV15 -> -1.435 | AW61: =RANK(AV61,AV$51:AV$68,1) -> 3 | AX61: =AX38-AX15 -> -6.339 | AY61: =RANK(AX61,AX$51:AX$68,1) -> 4 | AZ61: =AZ38-AZ15 -> -1.165 | BA61: =RANK(AZ61,AZ$51:AZ$68,1) -> 7 | BB61: =BB38-BB15 -> -13 | BC61: =RANK(BB61,BB$51:BB$68) -> 18 | BE61: =BE38-BE15 -> 1.126 | BF61: =RANK(BE61,BE$51:BE$68) -> 7 | BG61: =BG38-BG15 -> -0.761 | BH61: =RANK(BG61,BG$51:BG$68,1) -> 9 | BI61: =BI38-BI15 -> 2.987 | BJ61: =RANK(BI61,BI$51:BI$68) -> 3 | BK61: =BK38-BK15 -> 0.109 | BL61: =RANK(BK61,BK$51:BK$68,1) -> 7 | BM61: =BM38-BM15 -> -1.26 | BN61: =RANK(BM61,BM$51:BM$68) -> 16 | BO61: =BO38-BO15 -> 4.096 | BP61: =RANK(BO61,BO$51:BO$68) -> 1 | BQ61: =BQ38-BQ15 -> 22 | BR61: =RANK(BQ61,BQ$51:BQ$68) -> 8 | BT61: =BT38-BT15 -> -2.9 | BU61: =RANK(BT61,BT$51:BT$68) -> 12 | BV61: =BV38-BV15 -> 2.5 | BW61: =RANK(BV61,BV$51:BV$68) -> 6 | BX61: =BX38-BX15 -> 2.5 | BY61: =RANK(BX61,BX$51:BX$68) -> 4
A62: North Melbourne | B62: =B39-B16 -> -1.613 | C62: =RANK(B62,B$51:B$68) -> 14 | D62: =D39-D16 -> 1.248 | E62: =RANK(D62,D$51:D$68) -> 8 | F62: =F39-F16 -> 0.992 | G62: =RANK(F62,F$51:F$68) -> 5 | H62: =H39-H16 -> -3.209 | I62: =RANK(H62,H$51:H$68) -> 17 | J62: =J39-J16 -> -2 | K62: =RANK(J62,J$51:J$68) -> 11 | M62: =M39-M16 -> 1.202 | N62: =RANK(M62,M$51:M$68) -> 3 | O62: =O39-O16 -> 1.556 | P62: =RANK(O62,O$51:O$68) -> 3 | Q62: =Q39-Q16 -> 1.226 | R62: =RANK(Q62,Q$51:Q$68) -> 5 | S62: =S39-S16 -> 1.789 | T62: =RANK(S62,S$51:S$68) -> 4 | U62: =U39-U16 -> 19 | V62: =RANK(U62,U$51:U$68) -> 1 | X62: =X39-X16 -> 2.876 | Y62: =RANK(X62,X$51:X$68) -> 2 | Z62: =Z39-Z16 -> 1.092 | AA62: =RANK(Z62,Z$51:Z$68) -> 6 | AB62: =AB39-AB16 -> -0.363 | AC62: =RANK(AB62,AB$51:AB$68) -> 10 | AD62: =AD39-AD16 -> 0.022 | AE62: =RANK(AD62,AD$51:AD$68) -> 10 | AF62: =AF39-AF16 -> 5 | AG62: =RANK(AF62,AF$51:AF$68) -> 3 | AI62: =AI39-AI16 -> 0.65 | AJ62: =RANK(AI62,AI$51:AI$68,1) -> 12 | AK62: =AK39-AK16 -> 2.131 | AL62: =RANK(AK62,AK$51:AK$68,1) -> 18 | AM62: =AM39-AM16 -> 1.252 | AN62: =RANK(AM62,AM$51:AM$68,1) -> 12 | AO62: =AO39-AO16 -> 2.418 | AP62: =RANK(AO62,AO$51:AO$68,1) -> 18 | AQ62: =AQ39-AQ16 -> -1 | AR62: =RANK(AQ62,AQ$51:AQ$68) -> 12 | AT62: =AT39-AT16 -> 2.27 | AU62: =RANK(AT62,AT$51:AT$68,1) -> 17 | AV62: =AV39-AV16 -> -0.252 | AW62: =RANK(AV62,AV$51:AV$68,1) -> 7 | AX62: =AX39-AX16 -> 1.613 | AY62: =RANK(AX62,AX$51:AX$68,1) -> 11 | AZ62: =AZ39-AZ16 -> -0.357 | BA62: =RANK(AZ62,AZ$51:AZ$68,1) -> 10 | BB62: =BB39-BB16 -> 9 | BC62: =RANK(BB62,BB$51:BB$68) -> 3 | BE62: =BE39-BE16 -> 1.361 | BF62: =RANK(BE62,BE$51:BE$68) -> 5 | BG62: =BG39-BG16 -> 7.23 | BH62: =RANK(BG62,BG$51:BG$68,1) -> 18 | BI62: =BI39-BI16 -> -0.583 | BJ62: =RANK(BI62,BI$51:BI$68) -> 7 | BK62: =BK39-BK16 -> 2.652 | BL62: =RANK(BK62,BK$51:BK$68,1) -> 12 | BM62: =BM39-BM16 -> -0.243 | BN62: =RANK(BM62,BM$51:BM$68) -> 9 | BO62: =BO39-BO16 -> -1.613 | BP62: =RANK(BO62,BO$51:BO$68) -> 14 | BQ62: =BQ39-BQ16 -> 30 | BR62: =RANK(BQ62,BQ$51:BQ$68) -> 4 | BT62: =BT39-BT16 -> -16.1 | BU62: =RANK(BT62,BT$51:BT$68) -> 17 | BV62: =BV39-BV16 -> 12.6 | BW62: =RANK(BV62,BV$51:BV$68) -> 3 | BX62: =BX39-BX16 -> 1.3 | BY62: =RANK(BX62,BX$51:BX$68) -> 6
... A68: Western Bulldogs | B68: =B45-B22 -> 1.491 | C68: =RANK(B68,B$51:B$68) -> 7 | D68: =D45-D22 -> 1.665 | E68: =RANK(D68,D$51:D$68) -> 6 | F68: =F45-F22 -> 2.369 | G68: =RANK(F68,F$51:F$68) -> 1 | H68: =H45-H22 -> 0.83 | I68: =RANK(H68,H$51:H$68) -> 8 | J68: =J45-J22 -> 0 | K68: =RANK(J68,J$51:J$68) -> 9 | M68: =M45-M22 -> 1.31 | N68: =RANK(M68,M$51:M$68) -> 2 | O68: =O45-O22 -> 0.446 | P68: =RANK(O68,O$51:O$68) -> 6 | Q68: =Q45-Q22 -> -0.163 | R68: =RANK(Q68,Q$51:Q$68) -> 13 | S68: =S45-S22 -> 2.302 | T68: =RANK(S68,S$51:S$68) -> 2 | U68: =U45-U22 -> -3 | V68: =RANK(U68,U$51:U$68) -> 13 | X68: =X45-X22 -> 1.331 | Y68: =RANK(X68,X$51:X$68) -> 5 | Z68: =Z45-Z22 -> 2.576 | AA68: =RANK(Z68,Z$51:Z$68) -> 1 | AB68: =AB45-AB22 -> 1.423 | AC68: =RANK(AB68,AB$51:AB$68) -> 3 | AD68: =AD45-AD22 -> 1.528 | AE68: =RANK(AD68,AD$51:AD$68) -> 5 | AF68: =AF45-AF22 -> -1 | AG68: =RANK(AF68,AF$51:AF$68) -> 12 | AI68: =AI45-AI22 -> -0.151 | AJ68: =RANK(AI68,AI$51:AI$68,1) -> 5 | AK68: =AK45-AK22 -> -0.214 | AL68: =RANK(AK68,AK$51:AK$68,1) -> 3 | AM68: =AM45-AM22 -> -0.011 | AN68: =RANK(AM68,AM$51:AM$68,1) -> 7 | AO68: =AO45-AO22 -> -0.694 | AP68: =RANK(AO68,AO$51:AO$68,1) -> 4 | AQ68: =AQ45-AQ22 -> 9 | AR68: =RANK(AQ68,AQ$51:AQ$68) -> 2 | AT68: =AT45-AT22 -> -0.304 | AU68: =RANK(AT68,AT$51:AT$68,1) -> 9 | AV68: =AV45-AV22 -> 0.026 | AW68: =RANK(AV68,AV$51:AV$68,1) -> 9 | AX68: =AX45-AX22 -> -4.183 | AY68: =RANK(AX68,AX$51:AX$68,1) -> 8 | AZ68: =AZ45-AZ22 -> -0.67 | BA68: =RANK(AZ68,AZ$51:AZ$68,1) -> 8 | BB68: =BB45-BB22 -> -5 | BC68: =RANK(BB68,BB$51:BB$68) -> 13 | BE68: =BE45-BE22 -> 9.761 | BF68: =RANK(BE68,BE$51:BE$68) -> 1 | BG68: =BG45-BG22 -> -1.13 | BH68: =RANK(BG68,BG$51:BG$68,1) -> 7 | BI68: =BI45-BI22 -> -4.165 | BJ68: =RANK(BI68,BI$51:BI$68) -> 17 | BK68: =BK45-BK22 -> -1.887 | BL68: =RANK(BK68,BK$51:BK$68,1) -> 5 | BM68: =BM45-BM22 -> -0.334 | BN68: =RANK(BM68,BM$51:BM$68) -> 10 | BO68: =BO45-BO22 -> 1.491 | BP68: =RANK(BO68,BO$51:BO$68) -> 7 | BQ68: =BQ45-BQ22 -> 10 | BR68: =RANK(BQ68,BQ$51:BQ$68) -> 11 | BT68: =BT45-BT22 -> 3.7 | BU68: =RANK(BT68,BT$51:BT$68) -> 9 | BV68: =BV45-BV22 -> 18.7 | BW68: =RANK(BV68,BV$51:BV$68) -> 1 | BX68: =BX45-BX22 -> 2.5 | BY68: =RANK(BX68,BX$51:BX$68) -> 4

Sheet 2025 Last 10 Summary
A1: LAST 10 GAMES
A3: Team | B3: Ball Winning | M3: Ball Movement | X3: Scoring | AI3: Defence | AT3: Pressure | BE3: Health Check | BT3: Wheelo Ratings
B4: Post Clear CP Diff | C4: Rank | D4: Ground Ball Diff | E4: Rank | F4: 1st Poss to Clear % | G4: Rank | H4: Clearance Diff | I4: Rank | J4: Ball Winning Ranking | K4: Rank | M4: Def Half to Score % | N4: Rank | O4: Chain to Score % | P4: Rank | Q4: D50 to F50 % | R4: Rank | S4: Kick Rating | T4: Rank | U4: Ball Movement Ranking | V4: Rank | X4: Scores per I50 % | Y4: Rank | Z4: Goals Per I 50 % | AA4: Rank | AB4: Accuracy % | AC4: Rank | AD4: +/- Exp Score | AE4: Rank | AF4: Scoring Ranking | AG4: Rank | AI4: Def Half to Score Ag % | AJ4: Rank | AK4: Chain to Score Ag % | AL4: Rank | AM4: D50 to F50 Ag % | AN4: Rank | AO4: Goals Per I50 Ag % | AP4: Rank | AQ4: Defence Ranking | AR4: Rank | AT4: Tackle Diff | AU4: Rank | AV4: F50 Tackles | AW4: Rank | AX4: Pressure Acts | AY4: Rank | AZ4: 1%'ers | BA4: Rank | BB4: Pressure Ranking | BC4: Rank | BE4: Score from Turnover For | BF4: Rank | BG4: Scores from Turnover Ag | BH4: Rank | BI4: Scores from Stoppages For | BJ4: Rank | BK4: Scores from Stoppage Ag | BL4: Rank | BM4: Territory % | BN4: Rank | BO4: Post-Clearance CP Diff | BP4: Rank | BQ4: Health Check Ranking | BR4: Rank | BT4: Attack Rating | BU4: Rank | BV4: Defence Rating | BW4: Rank | BX4: Overall Rating | BY4: Rank
A5: Adelaide | B5: =VLOOKUP($A5,'L10'!$A:$IZ,222,FALSE) -> 6.2 | C5: =RANK(B5,B$5:B$22) -> 4 | D5: =VLOOKUP($A5,'L10'!$A:$IZ,218,FALSE) -> -4.2 | E5: =RANK(D5,D$5:D$22) -> 13 | F5: =VLOOKUP($A5,'L10'!$A:$IZ,49,FALSE) -> 76.962 | G5: =RANK(F5,F$5:F$22) -> 4 | H5: =VLOOKUP($A5,'L10'!$A:$IZ,229,FALSE) -> -3.3 | I5: =RANK(H5,H$5:H$22) -> 14 | J5: =104-(C5+E5+G5+I5) -> 69 | K5: =RANK(J5,J$5:J$22) -> 11 | M5: =VLOOKUP($A5,'L10'!$A:$IZ,88,FALSE) -> 12.429 | N5: =RANK(M5,M$5:M$22) -> 10 | O5: =VLOOKUP($A5,'L10'!$A:$IZ,84,FALSE) -> 20.208 | P5: =RANK(O5,O$5:O$22) -> 11 | Q5: =VLOOKUP($A5,'L10'!$A:$IZ,85,FALSE) -> 20.256 | R5: =RANK(Q5,Q$5:Q$22) -> 16 | S5: =VLOOKUP($A5,'L10'!$A:$IZ,29,FALSE) -> 1.314 | T5: =RANK(S5,S$5:S$22) -> 7 | U5: =104-(N5+P5+R5+T5) -> 60 | V5: =RANK(U5,U$5:U$22) -> 10 | X5: =VLOOKUP($A5,'L10'!$A:$IZ,65,FALSE) -> 46.918 | Y5: =RANK(X5,X$5:X$22) -> 5 | Z5: =VLOOKUP($A5,'L10'!$A:$IZ,64,FALSE) -> 27.237 | AA5: =RANK(Z5,Z$5:Z$22) -> 4 | AB5: =VLOOKUP($A5,'L10'!$A:$IZ,63,FALSE) -> 53.725 | AC5: =RANK(AB5,AB$5:AB$22) -> 2 | AD5: =VLOOKUP($A5,'L10'!$A:$IZ,71,FALSE) -> 7.524 | AE5: =RANK(AD5,AD$5:AD$22) -> 1 | AF5: =104-(Y5+AA5+AC5+AE5) -> 92 | AG5: =RANK(AF5,AF$5:AF$22) -> 3 | AI5: =VLOOKUP($A5,'L10'!$A:$IZ,183,FALSE) -> 6.077 | AJ5: =RANK(AI5,AI$5:AI$22,1) -> 1 | AK5: =VLOOKUP($A5,'L10'!$A:$IZ,181,FALSE) -> 17.637 | AL5: =RANK(AK5,AK$5:AK$22,1) -> 2 | AM5: =VLOOKUP($A5,'L10'!$A:$IZ,182,FALSE) -> 15.702 | AN5: =RANK(AM5,AM$5:AM$22,1) -> 1 | AO5: =VLOOKUP($A5,'L10'!$A:$IZ,163,FALSE) -> 21.401 | AP5: =RANK(AO5,AO$5:AO$22,1) -> 3 | AQ5: =104-(AJ5+AL5+AN5+AP5) -> 97 | AR5: =RANK(AQ5,AQ$5:AQ$22) -> 1 | AT5: =VLOOKUP($A5,'L10'!$A:$IZ,250,FALSE) -> 0.5 | AU5: =RANK(AT5,AT$5:AT$22,0) -> 10 | AV5: =VLOOKUP($A5,'L10'!$A:$IZ,92,FALSE) -> 8.1 | AW5: =RANK(AV5,AV$5:AV$22,0) -> 17 | AX5: =VLOOKUP($A5,'L10'!$A:$IZ,93,FALSE) -> 276.8 | AY5: =RANK(AX5,AX$5:AX$22,0) -> 3 | AZ5: =VLOOKUP($A5,'L10'!$A:$IZ,108,FALSE) -> 46 | BA5: =RANK(AZ5,AZ$5:AZ$22,0) -> 4 | BB5: =104-(AU5+AW5+AY5+BA5) -> 70 | BC5: =RANK(BB5,BB$5:BB$22,0) -> 5 | BE5: =VLOOKUP($A5,'L10'!$A:$IZ,80,FALSE) -> 52.3 | BF5: =RANK(BE5,BE$5:BE$22) -> 4 | BG5: =VLOOKUP($A5,'L10'!$A:$IZ,177,FALSE) -> 40.9 | BH5: =RANK(BG5,BG$5:BG$22,1) -> 5 | BI5: =VLOOKUP($A5,'L10'!$A:$IZ,79,FALSE) -> 36 | BJ5: =RANK(BI5,BI$5:BI$22) -> 8 | BK5: =VLOOKUP($A5,'L10'!$A:$IZ,176,FALSE) -> 31.5 | BL5: =RANK(BK5,BK$5:BK$22,1) -> 5 | BM5: =VLOOKUP($A5,'L10'!$A:$IZ,11,FALSE) -> 49.913 | BN5: =RANK(BM5,BM$5:BM$22) -> 9 | BO5: =VLOOKUP($A5,'L10'!$A:$IZ,222,FALSE) -> 6.2 | BP5: =RANK(BO5,BO$5:BO$22) -> 4 | BQ5: =104-(BJ5+BL5+BN5+BP5) -> 78 | BR5: =RANK(BQ5,BQ$5:BQ$22) -> 5 | BT5: =VLOOKUP($A5,'Ratings Season'!$A:$M,8,FALSE) -> 18.2 | BU5: =RANK(BT5,BT$5:BT$22) -> 4 | BV5: =VLOOKUP($A5,'Ratings Season'!$A:$M,4,FALSE) -> 5.4 | BW5: =RANK(BV5,BV$5:BV$22) -> 7 | BX5: =VLOOKUP($A5,'Ratings Season'!$A:$M,2,FALSE) -> 11.5 | BY5: =RANK(BX5,BX$5:BX$22) -> 6
A6: Brisbane | B6: =VLOOKUP($A6,'L10'!$A:$IZ,222,FALSE) -> -0.8 | C6: =RANK(B6,B$5:B$22) -> 10 | D6: =VLOOKUP($A6,'L10'!$A:$IZ,218,FALSE) -> 5.1 | E6: =RANK(D6,D$5:D$22) -> 5 | F6: =VLOOKUP($A6,'L10'!$A:$IZ,49,FALSE) -> 74.889 | G6: =RANK(F6,F$5:F$22) -> 8 | H6: =VLOOKUP($A6,'L10'!$A:$IZ,229,FALSE) -> 6.9 | I6: =RANK(H6,H$5:H$22) -> 1 | J6: =104-(C6+E6+G6+I6) -> 80 | K6: =RANK(J6,J$5:J$22) -> 3 | M6: =VLOOKUP($A6,'L10'!$A:$IZ,88,FALSE) -> 13.162 | N6: =RANK(M6,M$5:M$22) -> 9 | O6: =VLOOKUP($A6,'L10'!$A:$IZ,84,FALSE) -> 21.862 | P6: =RANK(O6,O$5:O$22) -> 6 | Q6: =VLOOKUP($A6,'L10'!$A:$IZ,85,FALSE) -> 26.952 | R6: =RANK(Q6,Q$5:Q$22) -> 4 | S6: =VLOOKUP($A6,'L10'!$A:$IZ,29,FALSE) -> 1.2 | T6: =RANK(S6,S$5:S$22) -> 10 | U6: =104-(N6+P6+R6+T6) -> 75 | V6: =RANK(U6,U$5:U$22) -> 7 | X6: =VLOOKUP($A6,'L10'!$A:$IZ,65,FALSE) -> 45.026 | Y6: =RANK(X6,X$5:X$22) -> 11 | Z6: =VLOOKUP($A6,'L10'!$A:$IZ,64,FALSE) -> 23.037 | AA6: =RANK(Z6,Z$5:Z$22) -> 12 | AB6: =VLOOKUP($A6,'L10'!$A:$IZ,63,FALSE) -> 45.833 | AC6: =RANK(AB6,AB$5:AB$22) -> 12 | AD6: =VLOOKUP($A6,'L10'!$A:$IZ,71,FALSE) -> -0.934 | AE6: =RANK(AD6,AD$5:AD$22) -> 10 | AF6: =104-(Y6+AA6+AC6+AE6) -> 59 | AG6: =RANK(AF6,AF$5:AF$22) -> 11 | AI6: =VLOOKUP($A6,'L10'!$A:$IZ,183,FALSE) -> 9.524 | AJ6: =RANK(AI6,AI$5:AI$22,1) -> 8 | AK6: =VLOOKUP($A6,'L10'!$A:$IZ,181,FALSE) -> 19.404 | AL6: =RANK(AK6,AK$5:AK$22,1) -> 5 | AM6: =VLOOKUP($A6,'L10'!$A:$IZ,182,FALSE) -> 25.397 | AN6: =RANK(AM6,AM$5:AM$22,1) -> 13 | AO6: =VLOOKUP($A6,'L10'!$A:$IZ,163,FALSE) -> 22.158 | AP6: =RANK(AO6,AO$5:AO$22,1) -> 4 | AQ6: =104-(AJ6+AL6+AN6+AP6) -> 74 | AR6: =RANK(AQ6,AQ$5:AQ$22) -> 8 | AT6: =VLOOKUP($A6,'L10'!$A:$IZ,250,FALSE) -> 1.5 | AU6: =RANK(AT6,AT$5:AT$22,0) -> 8 | AV6: =VLOOKUP($A6,'L10'!$A:$IZ,92,FALSE) -> 12.1 | AW6: =RANK(AV6,AV$5:AV$22,0) -> 5 | AX6: =VLOOKUP($A6,'L10'!$A:$IZ,93,FALSE) -> 266.6 | AY6: =RANK(AX6,AX$5:AX$22,0) -> 9 | AZ6: =VLOOKUP($A6,'L10'!$A:$IZ,108,FALSE) -> 48.5 | BA6: =RANK(AZ6,AZ$5:AZ$22,0) -> 1 | BB6: =104-(AU6+AW6+AY6+BA6) -> 81 | BC6: =RANK(BB6,BB$5:BB$22,0) -> 3 | BE6: =VLOOKUP($A6,'L10'!$A:$IZ,80,FALSE) -> 52.1 | BF6: =RANK(BE6,BE$5:BE$22) -> 5 | BG6: =VLOOKUP($A6,'L10'!$A:$IZ,177,FALSE) -> 39.5 | BH6: =RANK(BG6,BG$5:BG$22,1) -> 3 | BI6: =VLOOKUP($A6,'L10'!$A:$IZ,79,FALSE) -> 36.2 | BJ6: =RANK(BI6,BI$5:BI$22) -> 7 | BK6: =VLOOKUP($A6,'L10'!$A:$IZ,176,FALSE) -> 34.4 | BL6: =RANK(BK6,BK$5:BK$22,1) -> 9 | BM6: =VLOOKUP($A6,'L10'!$A:$IZ,11,FALSE) -> 50.249 | BN6: =RANK(BM6,BM$5:BM$22) -> 7 | BO6: =VLOOKUP($A6,'L10'!$A:$IZ,222,FALSE) -> -0.8 | BP6: =RANK(BO6,BO$5:BO$22) -> 10 | BQ6: =104-(BJ6+BL6+BN6+BP6) -> 71 | BR6: =RANK(BQ6,BQ$5:BQ$22) -> 9 | BT6: =VLOOKUP($A6,'Ratings Season'!$A:$M,8,FALSE) -> 18.8 | BU6: =RANK(BT6,BT$5:BT$22) -> 3 | BV6: =VLOOKUP($A6,'Ratings Season'!$A:$M,4,FALSE) -> 13.2 | BW6: =RANK(BV6,BV$5:BV$22) -> 3 | BX6: =VLOOKUP($A6,'Ratings Season'!$A:$M,2,FALSE) -> 26.3 | BY6: =RANK(BX6,BX$5:BX$22) -> 3
A7: Carlton | B7: =VLOOKUP($A7,'L10'!$A:$IZ,222,FALSE) -> -0.7 | C7: =RANK(B7,B$5:B$22) -> 9 | D7: =VLOOKUP($A7,'L10'!$A:$IZ,218,FALSE) -> 3.5 | E7: =RANK(D7,D$5:D$22) -> 6 | F7: =VLOOKUP($A7,'L10'!$A:$IZ,49,FALSE) -> 74.246 | G7: =RANK(F7,F$5:F$22) -> 12 | H7: =VLOOKUP($A7,'L10'!$A:$IZ,229,FALSE) -> 4.9 | I7: =RANK(H7,H$5:H$22) -> 3 | J7: =104-(C7+E7+G7+I7) -> 74 | K7: =RANK(J7,J$5:J$22) -> 5 | M7: =VLOOKUP($A7,'L10'!$A:$IZ,88,FALSE) -> 10.985 | N7: =RANK(M7,M$5:M$22) -> 15 | O7: =VLOOKUP($A7,'L10'!$A:$IZ,84,FALSE) -> 18.919 | P7: =RANK(O7,O$5:O$22) -> 14 | Q7: =VLOOKUP($A7,'L10'!$A:$IZ,85,FALSE) -> 23.611 | R7: =RANK(Q7,Q$5:Q$22) -> 8 | S7: =VLOOKUP($A7,'L10'!$A:$IZ,29,FALSE) -> -2.173 | T7: =RANK(S7,S$5:S$22) -> 15 | U7: =104-(N7+P7+R7+T7) -> 52 | V7: =RANK(U7,U$5:U$22) -> 13 | X7: =VLOOKUP($A7,'L10'!$A:$IZ,65,FALSE) -> 40.954 | Y7: =RANK(X7,X$5:X$22) -> 14 | Z7: =VLOOKUP($A7,'L10'!$A:$IZ,64,FALSE) -> 21.471 | AA7: =RANK(Z7,Z$5:Z$22) -> 14 | AB7: =VLOOKUP($A7,'L10'!$A:$IZ,63,FALSE) -> 47.368 | AC7: =RANK(AB7,AB$5:AB$22) -> 10 | AD7: =VLOOKUP($A7,'L10'!$A:$IZ,71,FALSE) -> -2.659 | AE7: =RANK(AD7,AD$5:AD$22) -> 15 | AF7: =104-(Y7+AA7+AC7+AE7) -> 51 | AG7: =RANK(AF7,AF$5:AF$22) -> 13 | AI7: =VLOOKUP($A7,'L10'!$A:$IZ,183,FALSE) -> 9.62 | AJ7: =RANK(AI7,AI$5:AI$22,1) -> 9 | AK7: =VLOOKUP($A7,'L10'!$A:$IZ,181,FALSE) -> 21.241 | AL7: =RANK(AK7,AK$5:AK$22,1) -> 10 | AM7: =VLOOKUP($A7,'L10'!$A:$IZ,182,FALSE) -> 25.253 | AN7: =RANK(AM7,AM$5:AM$22,1) -> 12 | AO7: =VLOOKUP($A7,'L10'!$A:$IZ,163,FALSE) -> 26.008 | AP7: =RANK(AO7,AO$5:AO$22,1) -> 14 | AQ7: =104-(AJ7+AL7+AN7+AP7) -> 59 | AR7: =RANK(AQ7,AQ$5:AQ$22) -> 12 | AT7: =VLOOKUP($A7,'L10'!$A:$IZ,250,FALSE) -> -1.1 | AU7: =RANK(AT7,AT$5:AT$22,0) -> 11 | AV7: =VLOOKUP($A7,'L10'!$A:$IZ,92,FALSE) -> 10.1 | AW7: =RANK(AV7,AV$5:AV$22,0) -> 13 | AX7: =VLOOKUP($A7,'L10'!$A:$IZ,93,FALSE) -> 274.9 | AY7: =RANK(AX7,AX$5:AX$22,0) -> 6 | AZ7: =VLOOKUP($A7,'L10'!$A:$IZ,108,FALSE) -> 41.8 | BA7: =RANK(AZ7,AZ$5:AZ$22,0) -> 11 | BB7: =104-(AU7+AW7+AY7+BA7) -> 63 | BC7: =RANK(BB7,BB$5:BB$22,0) -> 10 | BE7: =VLOOKUP($A7,'L10'!$A:$IZ,80,FALSE) -> 41.1 | BF7: =RANK(BE7,BE$5:BE$22) -> 13 | BG7: =VLOOKUP($A7,'L10'!$A:$IZ,177,FALSE) -> 45.2 | BH7: =RANK(BG7,BG$5:BG$22,1) -> 9 | BI7: =VLOOKUP($A7,'L10'!$A:$IZ,79,FALSE) -> 31 | BJ7: =RANK(BI7,BI$5:BI$22) -> 13 | BK7: =VLOOKUP($A7,'L10'!$A:$IZ,176,FALSE) -> 37.7 | BL7: =RANK(BK7,BK$5:BK$22,1) -> 14 | BM7: =VLOOKUP($A7,'L10'!$A:$IZ,11,FALSE) -> 49.757 | BN7: =RANK(BM7,BM$5:BM$22) -> 10 | BO7: =VLOOKUP($A7,'L10'!$A:$IZ,222,FALSE) -> -0.7 | BP7: =RANK(BO7,BO$5:BO$22) -> 9 | BQ7: =104-(BJ7+BL7+BN7+BP7) -> 58 | BR7: =RANK(BQ7,BQ$5:BQ$22) -> 12 | BT7: =VLOOKUP($A7,'Ratings Season'!$A:$M,8,FALSE) -> -2.6 | BU7: =RANK(BT7,BT$5:BT$22) -> 10 | BV7: =VLOOKUP($A7,'Ratings Season'!$A:$M,4,FALSE) -> -6.4 | BW7: =RANK(BV7,BV$5:BV$22) -> 13 | BX7: =VLOOKUP($A7,'Ratings Season'!$A:$M,2,FALSE) -> -3.3 | BY7: =RANK(BX7,BX$5:BX$22) -> 12
A8: Collingwood | B8: =VLOOKUP($A8,'L10'!$A:$IZ,222,FALSE) -> -2.2 | C8: =RANK(B8,B$5:B$22) -> 13 | D8: =VLOOKUP($A8,'L10'!$A:$IZ,218,FALSE) -> -8.1 | E8: =RANK(D8,D$5:D$22) -> 16 | F8: =VLOOKUP($A8,'L10'!$A:$IZ,49,FALSE) -> 69.014 | G8: =RANK(F8,F$5:F$22) -> 18 | H8: =VLOOKUP($A8,'L10'!$A:$IZ,229,FALSE) -> -4.6 | I8: =RANK(H8,H$5:H$22) -> 16 | J8: =104-(C8+E8+G8+I8) -> 41 | K8: =RANK(J8,J$5:J$22) -> 17 | M8: =VLOOKUP($A8,'L10'!$A:$IZ,88,FALSE) -> 10.169 | N8: =RANK(M8,M$5:M$22) -> 16 | O8: =VLOOKUP($A8,'L10'!$A:$IZ,84,FALSE) -> 19.283 | P8: =RANK(O8,O$5:O$22) -> 13 | Q8: =VLOOKUP($A8,'L10'!$A:$IZ,85,FALSE) -> 24.581 | R8: =RANK(Q8,Q$5:Q$22) -> 7 | S8: =VLOOKUP($A8,'L10'!$A:$IZ,29,FALSE) -> -3.601 | T8: =RANK(S8,S$5:S$22) -> 18 | U8: =104-(N8+P8+R8+T8) -> 50 | V8: =RANK(U8,U$5:U$22) -> 15 | X8: =VLOOKUP($A8,'L10'!$A:$IZ,65,FALSE) -> 40.074 | Y8: =RANK(X8,X$5:X$22) -> 16 | Z8: =VLOOKUP($A8,'L10'!$A:$IZ,64,FALSE) -> 19.485 | AA8: =RANK(Z8,Z$5:Z$22) -> 16 | AB8: =VLOOKUP($A8,'L10'!$A:$IZ,63,FALSE) -> 44.538 | AC8: =RANK(AB8,AB$5:AB$22) -> 16 | AD8: =VLOOKUP($A8,'L10'!$A:$IZ,71,FALSE) -> 0.934 | AE8: =RANK(AD8,AD$5:AD$22) -> 6 | AF8: =104-(Y8+AA8+AC8+AE8) -> 50 | AG8: =RANK(AF8,AF$5:AF$22) -> 14 | AI8: =VLOOKUP($A8,'L10'!$A:$IZ,183,FALSE) -> 8.916 | AJ8: =RANK(AI8,AI$5:AI$22,1) -> 4 | AK8: =VLOOKUP($A8,'L10'!$A:$IZ,181,FALSE) -> 17.186 | AL8: =RANK(AK8,AK$5:AK$22,1) -> 1 | AM8: =VLOOKUP($A8,'L10'!$A:$IZ,182,FALSE) -> 20.241 | AN8: =RANK(AM8,AM$5:AM$22,1) -> 2 | AO8: =VLOOKUP($A8,'L10'!$A:$IZ,163,FALSE) -> 23.779 | AP8: =RANK(AO8,AO$5:AO$22,1) -> 8 | AQ8: =104-(AJ8+AL8+AN8+AP8) -> 89 | AR8: =RANK(AQ8,AQ$5:AQ$22) -> 3 | AT8: =VLOOKUP($A8,'L10'!$A:$IZ,250,FALSE) -> 10.1 | AU8: =RANK(AT8,AT$5:AT$22,0) -> 1 | AV8: =VLOOKUP($A8,'L10'!$A:$IZ,92,FALSE) -> 15.2 | AW8: =RANK(AV8,AV$5:AV$22,0) -> 1 | AX8: =VLOOKUP($A8,'L10'!$A:$IZ,93,FALSE) -> 280.1 | AY8: =RANK(AX8,AX$5:AX$22,0) -> 2 | AZ8: =VLOOKUP($A8,'L10'!$A:$IZ,108,FALSE) -> 44.3 | BA8: =RANK(AZ8,AZ$5:AZ$22,0) -> 6 | BB8: =104-(AU8+AW8+AY8+BA8) -> 94 | BC8: =RANK(BB8,BB$5:BB$22,0) -> 1 | BE8: =VLOOKUP($A8,'L10'!$A:$IZ,80,FALSE) -> 42.8 | BF8: =RANK(BE8,BE$5:BE$22) -> 11 | BG8: =VLOOKUP($A8,'L10'!$A:$IZ,177,FALSE) -> 35.4 | BH8: =RANK(BG8,BG$5:BG$22,1) -> 1 | BI8: =VLOOKUP($A8,'L10'!$A:$IZ,79,FALSE) -> 29.4 | BJ8: =RANK(BI8,BI$5:BI$22) -> 15 | BK8: =VLOOKUP($A8,'L10'!$A:$IZ,176,FALSE) -> 37.7 | BL8: =RANK(BK8,BK$5:BK$22,1) -> 14 | BM8: =VLOOKUP($A8,'L10'!$A:$IZ,11,FALSE) -> 53.392 | BN8: =RANK(BM8,BM$5:BM$22) -> 3 | BO8: =VLOOKUP($A8,'L10'!$A:$IZ,222,FALSE) -> -2.2 | BP8: =RANK(BO8,BO$5:BO$22) -> 13 | BQ8: =104-(BJ8+BL8+BN8+BP8) -> 59 | BR8: =RANK(BQ8,BQ$5:BQ$22) -> 10 | BT8: =VLOOKUP($A8,'Ratings Season'!$A:$M,8,FALSE) -> 17.6 | BU8: =RANK(BT8,BT$5:BT$22) -> 5 | BV8: =VLOOKUP($A8,'Ratings Season'!$A:$M,4,FALSE) -> -0.4 | BW8: =RANK(BV8,BV$5:BV$22) -> 9 | BX8: =VLOOKUP($A8,'Ratings Season'!$A:$M,2,FALSE) -> 12.2 | BY8: =RANK(BX8,BX$5:BX$22) -> 5
A9: Essendon | B9: =VLOOKUP($A9,'L10'!$A:$IZ,222,FALSE) -> -1.1 | C9: =RANK(B9,B$5:B$22) -> 11 | D9: =VLOOKUP($A9,'L10'!$A:$IZ,218,FALSE) -> 1.8 | E9: =RANK(D9,D$5:D$22) -> 10 | F9: =VLOOKUP($A9,'L10'!$A:$IZ,49,FALSE) -> 74.432 | G9: =RANK(F9,F$5:F$22) -> 10 | H9: =VLOOKUP($A9,'L10'!$A:$IZ,229,FALSE) -> -6.4 | I9: =RANK(H9,H$5:H$22) -> 17 | J9: =104-(C9+E9+G9+I9) -> 56 | K9: =RANK(J9,J$5:J$22) -> 14 | M9: =VLOOKUP($A9,'L10'!$A:$IZ,88,FALSE) -> 9.248 | N9: =RANK(M9,M$5:M$22) -> 18 | O9: =VLOOKUP($A9,'L10'!$A:$IZ,84,FALSE) -> 17.191 | P9: =RANK(O9,O$5:O$22) -> 16 | Q9: =VLOOKUP($A9,'L10'!$A:$IZ,85,FALSE) -> 20.698 | R9: =RANK(Q9,Q$5:Q$22) -> 13 | S9: =VLOOKUP($A9,'L10'!$A:$IZ,29,FALSE) -> -2.752 | T9: =RANK(S9,S$5:S$22) -> 16 | U9: =104-(N9+P9+R9+T9) -> 41 | V9: =RANK(U9,U$5:U$22) -> 17 | X9: =VLOOKUP($A9,'L10'!$A:$IZ,65,FALSE) -> 37.953 | Y9: =RANK(X9,X$5:X$22) -> 17 | Z9: =VLOOKUP($A9,'L10'!$A:$IZ,64,FALSE) -> 17.484 | AA9: =RANK(Z9,Z$5:Z$22) -> 18 | AB9: =VLOOKUP($A9,'L10'!$A:$IZ,63,FALSE) -> 43.158 | AC9: =RANK(AB9,AB$5:AB$22) -> 18 | AD9: =VLOOKUP($A9,'L10'!$A:$IZ,71,FALSE) -> -5.038 | AE9: =RANK(AD9,AD$5:AD$22) -> 17 | AF9: =104-(Y9+AA9+AC9+AE9) -> 34 | AG9: =RANK(AF9,AF$5:AF$22) -> 18 | AI9: =VLOOKUP($A9,'L10'!$A:$IZ,183,FALSE) -> 13.089 | AJ9: =RANK(AI9,AI$5:AI$22,1) -> 16 | AK9: =VLOOKUP($A9,'L10'!$A:$IZ,181,FALSE) -> 24.004 | AL9: =RANK(AK9,AK$5:AK$22,1) -> 15 | AM9: =VLOOKUP($A9,'L10'!$A:$IZ,182,FALSE) -> 31.152 | AN9: =RANK(AM9,AM$5:AM$22,1) -> 18 | AO9: =VLOOKUP($A9,'L10'!$A:$IZ,163,FALSE) -> 27.289 | AP9: =RANK(AO9,AO$5:AO$22,1) -> 16 | AQ9: =104-(AJ9+AL9+AN9+AP9) -> 39 | AR9: =RANK(AQ9,AQ$5:AQ$22) -> 16 | AT9: =VLOOKUP($A9,'L10'!$A:$IZ,250,FALSE) -> 3.6 | AU9: =RANK(AT9,AT$5:AT$22,0) -> 3 | AV9: =VLOOKUP($A9,'L10'!$A:$IZ,92,FALSE) -> 10.3 | AW9: =RANK(AV9,AV$5:AV$22,0) -> 11 | AX9: =VLOOKUP($A9,'L10'!$A:$IZ,93,FALSE) -> 276.3 | AY9: =RANK(AX9,AX$5:AX$22,0) -> 4 | AZ9: =VLOOKUP($A9,'L10'!$A:$IZ,108,FALSE) -> 34.5 | BA9: =RANK(AZ9,AZ$5:AZ$22,0) -> 18 | BB9: =104-(AU9+AW9+AY9+BA9) -> 68 | BC9: =RANK(BB9,BB$5:BB$22,0) -> 7 | BE9: =VLOOKUP($A9,'L10'!$A:$IZ,80,FALSE) -> 33.5 | BF9: =RANK(BE9,BE$5:BE$22) -> 16 | BG9: =VLOOKUP($A9,'L10'!$A:$IZ,177,FALSE) -> 61.8 | BH9: =RANK(BG9,BG$5:BG$22,1) -> 17 | BI9: =VLOOKUP($A9,'L10'!$A:$IZ,79,FALSE) -> 21.1 | BJ9: =RANK(BI9,BI$5:BI$22) -> 17 | BK9: =VLOOKUP($A9,'L10'!$A:$IZ,176,FALSE) -> 34.9 | BL9: =RANK(BK9,BK$5:BK$22,1) -> 10 | BM9: =VLOOKUP($A9,'L10'!$A:$IZ,11,FALSE) -> 46.783 | BN9: =RANK(BM9,BM$5:BM$22) -> 15 | BO9: =VLOOKUP($A9,'L10'!$A:$IZ,222,FALSE) -> -1.1 | BP9: =RANK(BO9,BO$5:BO$22) -> 11 | BQ9: =104-(BJ9+BL9+BN9+BP9) -> 51 | BR9: =RANK(BQ9,BQ$5:BQ$22) -> 14 | BT9: =VLOOKUP($A9,'Ratings Season'!$A:$M,8,FALSE) -> -23.8 | BU9: =RANK(BT9,BT$5:BT$22) -> 16 | BV9: =VLOOKUP($A9,'Ratings Season'!$A:$M,4,FALSE) -> -16.6 | BW9: =RANK(BV9,BV$5:BV$22) -> 16 | BX9: =VLOOKUP($A9,'Ratings Season'!$A:$M,2,FALSE) -> -28 | BY9: =RANK(BX9,BX$5:BX$22) -> 16
A10: Fremantle | B10: =VLOOKUP($A10,'L10'!$A:$IZ,222,FALSE) -> -2.8 | C10: =RANK(B10,B$5:B$22) -> 14 | D10: =VLOOKUP($A10,'L10'!$A:$IZ,218,FALSE) -> -4.4 | E10: =RANK(D10,D$5:D$22) -> 14 | F10: =VLOOKUP($A10,'L10'!$A:$IZ,49,FALSE) -> 75.669 | G10: =RANK(F10,F$5:F$22) -> 6 | H10: =VLOOKUP($A10,'L10'!$A:$IZ,229,FALSE) -> 1 | I10: =RANK(H10,H$5:H$22) -> 7 | J10: =104-(C10+E10+G10+I10) -> 63 | K10: =RANK(J10,J$5:J$22) -> 13 | M10: =VLOOKUP($A10,'L10'!$A:$IZ,88,FALSE) -> 13.264 | N10: =RANK(M10,M$5:M$22) -> 8 | O10: =VLOOKUP($A10,'L10'!$A:$IZ,84,FALSE) -> 20.924 | P10: =RANK(O10,O$5:O$22) -> 9 | Q10: =VLOOKUP($A10,'L10'!$A:$IZ,85,FALSE) -> 21.579 | R10: =RANK(Q10,Q$5:Q$22) -> 11 | S10: =VLOOKUP($A10,'L10'!$A:$IZ,29,FALSE) -> 0.823 | T10: =RANK(S10,S$5:S$22) -> 12 | U10: =104-(N10+P10+R10+T10) -> 64 | V10: =RANK(U10,U$5:U$22) -> 9 | X10: =VLOOKUP($A10,'L10'!$A:$IZ,65,FALSE) -> 45.49 | Y10: =RANK(X10,X$5:X$22) -> 8 | Z10: =VLOOKUP($A10,'L10'!$A:$IZ,64,FALSE) -> 24.902 | AA10: =RANK(Z10,Z$5:Z$22) -> 7 | AB10: =VLOOKUP($A10,'L10'!$A:$IZ,63,FALSE) -> 47.744 | AC10: =RANK(AB10,AB$5:AB$22) -> 9 | AD10: =VLOOKUP($A10,'L10'!$A:$IZ,71,FALSE) -> -1.677 | AE10: =RANK(AD10,AD$5:AD$22) -> 11 | AF10: =104-(Y10+AA10+AC10+AE10) -> 69 | AG10: =RANK(AF10,AF$5:AF$22) -> 8 | AI10: =VLOOKUP($A10,'L10'!$A:$IZ,183,FALSE) -> 9.512 | AJ10: =RANK(AI10,AI$5:AI$22,1) -> 7 | AK10: =VLOOKUP($A10,'L10'!$A:$IZ,181,FALSE) -> 19.928 | AL10: =RANK(AK10,AK$5:AK$22,1) -> 8 | AM10: =VLOOKUP($A10,'L10'!$A:$IZ,182,FALSE) -> 20.308 | AN10: =RANK(AM10,AM$5:AM$22,1) -> 3 | AO10: =VLOOKUP($A10,'L10'!$A:$IZ,163,FALSE) -> 23.984 | AP10: =RANK(AO10,AO$5:AO$22,1) -> 9 | AQ10: =104-(AJ10+AL10+AN10+AP10) -> 77 | AR10: =RANK(AQ10,AQ$5:AQ$22) -> 7 | AT10: =VLOOKUP($A10,'L10'!$A:$IZ,250,FALSE) -> -2.1 | AU10: =RANK(AT10,AT$5:AT$22,0) -> 13 | AV10: =VLOOKUP($A10,'L10'!$A:$IZ,92,FALSE) -> 10.1 | AW10: =RANK(AV10,AV$5:AV$22,0) -> 13 | AX10: =VLOOKUP($A10,'L10'!$A:$IZ,93,FALSE) -> 269.4 | AY10: =RANK(AX10,AX$5:AX$22,0) -> 8 | AZ10: =VLOOKUP($A10,'L10'!$A:$IZ,108,FALSE) -> 47.4 | BA10: =RANK(AZ10,AZ$5:AZ$22,0) -> 3 | BB10: =104-(AU10+AW10+AY10+BA10) -> 67 | BC10: =RANK(BB10,BB$5:BB$22,0) -> 8 | BE10: =VLOOKUP($A10,'L10'!$A:$IZ,80,FALSE) -> 50 | BF10: =RANK(BE10,BE$5:BE$22) -> 7 | BG10: =VLOOKUP($A10,'L10'!$A:$IZ,177,FALSE) -> 44.8 | BH10: =RANK(BG10,BG$5:BG$22,1) -> 8 | BI10: =VLOOKUP($A10,'L10'!$A:$IZ,79,FALSE) -> 31.8 | BJ10: =RANK(BI10,BI$5:BI$22) -> 12 | BK10: =VLOOKUP($A10,'L10'!$A:$IZ,176,FALSE) -> 34 | BL10: =RANK(BK10,BK$5:BK$22,1) -> 7 | BM10: =VLOOKUP($A10,'L10'!$A:$IZ,11,FALSE) -> 48.723 | BN10: =RANK(BM10,BM$5:BM$22) -> 12 | BO10: =VLOOKUP($A10,'L10'!$A:$IZ,222,FALSE) -> -2.8 | BP10: =RANK(BO10,BO$5:BO$22) -> 14 | BQ10: =104-(BJ10+BL10+BN10+BP10) -> 59 | BR10: =RANK(BQ10,BQ$5:BQ$22) -> 10 | BT10: =VLOOKUP($A10,'Ratings Season'!$A:$M,8,FALSE) -> 5.7 | BU10: =RANK(BT10,BT$5:BT$22) -> 9 | BV10: =VLOOKUP($A10,'Ratings Season'!$A:$M,4,FALSE) -> 1 | BW10: =RANK(BV10,BV$5:BV$22) -> 8 | BX10: =VLOOKUP($A10,'Ratings Season'!$A:$M,2,FALSE) -> 5.3 | BY10: =RANK(BX10,BX$5:BX$22) -> 9
A11: Geelong | B11: =VLOOKUP($A11,'L10'!$A:$IZ,222,FALSE) -> 8.8 | C11: =RANK(B11,B$5:B$22) -> 2 | D11: =VLOOKUP($A11,'L10'!$A:$IZ,218,FALSE) -> 2.7 | E11: =RANK(D11,D$5:D$22) -> 7 | F11: =VLOOKUP($A11,'L10'!$A:$IZ,49,FALSE) -> 72.208 | G11: =RANK(F11,F$5:F$22) -> 15 | H11: =VLOOKUP($A11,'L10'!$A:$IZ,229,FALSE) -> -0.1 | I11: =RANK(H11,H$5:H$22) -> 10 | J11: =104-(C11+E11+G11+I11) -> 70 | K11: =RANK(J11,J$5:J$22) -> 10 | M11: =VLOOKUP($A11,'L10'!$A:$IZ,88,FALSE) -> 18.136 | N11: =RANK(M11,M$5:M$22) -> 1 | O11: =VLOOKUP($A11,'L10'!$A:$IZ,84,FALSE) -> 27.712 | P11: =RANK(O11,O$5:O$22) -> 1 | Q11: =VLOOKUP($A11,'L10'!$A:$IZ,85,FALSE) -> 30.636 | R11: =RANK(Q11,Q$5:Q$22) -> 1 | S11: =VLOOKUP($A11,'L10'!$A:$IZ,29,FALSE) -> 7.337 | T11: =RANK(S11,S$5:S$22) -> 1 | U11: =104-(N11+P11+R11+T11) -> 100 | V11: =RANK(U11,U$5:U$22) -> 1 | X11: =VLOOKUP($A11,'L10'!$A:$IZ,65,FALSE) -> 51 | Y11: =RANK(X11,X$5:X$22) -> 2 | Z11: =VLOOKUP($A11,'L10'!$A:$IZ,64,FALSE) -> 27.333 | AA11: =RANK(Z11,Z$5:Z$22) -> 3 | AB11: =VLOOKUP($A11,'L10'!$A:$IZ,63,FALSE) -> 50.617 | AC11: =RANK(AB11,AB$5:AB$22) -> 6 | AD11: =VLOOKUP($A11,'L10'!$A:$IZ,71,FALSE) -> 5.063 | AE11: =RANK(AD11,AD$5:AD$22) -> 5 | AF11: =104-(Y11+AA11+AC11+AE11) -> 88 | AG11: =RANK(AF11,AF$5:AF$22) -> 4 | AI11: =VLOOKUP($A11,'L10'!$A:$IZ,183,FALSE) -> 8.916 | AJ11: =RANK(AI11,AI$5:AI$22,1) -> 4 | AK11: =VLOOKUP($A11,'L10'!$A:$IZ,181,FALSE) -> 19.119 | AL11: =RANK(AK11,AK$5:AK$22,1) -> 4 | AM11: =VLOOKUP($A11,'L10'!$A:$IZ,182,FALSE) -> 21.928 | AN11: =RANK(AM11,AM$5:AM$22,1) -> 7 | AO11: =VLOOKUP($A11,'L10'!$A:$IZ,163,FALSE) -> 24.628 | AP11: =RANK(AO11,AO$5:AO$22,1) -> 10 | AQ11: =104-(AJ11+AL11+AN11+AP11) -> 79 | AR11: =RANK(AQ11,AQ$5:AQ$22) -> 6 | AT11: =VLOOKUP($A11,'L10'!$A:$IZ,250,FALSE) -> 1.7 | AU11: =RANK(AT11,AT$5:AT$22,0) -> 7 | AV11: =VLOOKUP($A11,'L10'!$A:$IZ,92,FALSE) -> 13.3 | AW11: =RANK(AV11,AV$5:AV$22,0) -> 3 | AX11: =VLOOKUP($A11,'L10'!$A:$IZ,93,FALSE) -> 273.4 | AY11: =RANK(AX11,AX$5:AX$22,0) -> 7 | AZ11: =VLOOKUP($A11,'L10'!$A:$IZ,108,FALSE) -> 35.2 | BA11: =RANK(AZ11,AZ$5:AZ$22,0) -> 17 | BB11: =104-(AU11+AW11+AY11+BA11) -> 70 | BC11: =RANK(BB11,BB$5:BB$22,0) -> 5 | BE11: =VLOOKUP($A11,'L10'!$A:$IZ,80,FALSE) -> 66.8 | BF11: =RANK(BE11,BE$5:BE$22) -> 1 | BG11: =VLOOKUP($A11,'L10'!$A:$IZ,177,FALSE) -> 40.5 | BH11: =RANK(BG11,BG$5:BG$22,1) -> 4 | BI11: =VLOOKUP($A11,'L10'!$A:$IZ,79,FALSE) -> 39.6 | BJ11: =RANK(BI11,BI$5:BI$22) -> 3 | BK11: =VLOOKUP($A11,'L10'!$A:$IZ,176,FALSE) -> 34 | BL11: =RANK(BK11,BK$5:BK$22,1) -> 7 | BM11: =VLOOKUP($A11,'L10'!$A:$IZ,11,FALSE) -> 55.144 | BN11: =RANK(BM11,BM$5:BM$22) -> 1 | BO11: =VLOOKUP($A11,'L10'!$A:$IZ,222,FALSE) -> 8.8 | BP11: =RANK(BO11,BO$5:BO$22) -> 2 | BQ11: =104-(BJ11+BL11+BN11+BP11) -> 91 | BR11: =RANK(BQ11,BQ$5:BQ$22) -> 2 | BT11: =VLOOKUP($A11,'Ratings Season'!$A:$M,8,FALSE) -> 25.6 | BU11: =RANK(BT11,BT$5:BT$22) -> 1 | BV11: =VLOOKUP($A11,'Ratings Season'!$A:$M,4,FALSE) -> 21.7 | BW11: =RANK(BV11,BV$5:BV$22) -> 2 | BX11: =VLOOKUP($A11,'Ratings Season'!$A:$M,2,FALSE) -> 29.2 | BY11: =RANK(BX11,BX$5:BX$22) -> 1
A12: Gold Coast | B12: =VLOOKUP($A12,'L10'!$A:$IZ,222,FALSE) -> -1.3 | C12: =RANK(B12,B$5:B$22) -> 12 | D12: =VLOOKUP($A12,'L10'!$A:$IZ,218,FALSE) -> 0.5 | E12: =RANK(D12,D$5:D$22) -> 11 | F12: =VLOOKUP($A12,'L10'!$A:$IZ,49,FALSE) -> 77.033 | G12: =RANK(F12,F$5:F$22) -> 3 | H12: =VLOOKUP($A12,'L10'!$A:$IZ,229,FALSE) -> 2.2 | I12: =RANK(H12,H$5:H$22) -> 6 | J12: =104-(C12+E12+G12+I12) -> 72 | K12: =RANK(J12,J$5:J$22) -> 8 | M12: =VLOOKUP($A12,'L10'!$A:$IZ,88,FALSE) -> 14.308 | N12: =RANK(M12,M$5:M$22) -> 4 | O12: =VLOOKUP($A12,'L10'!$A:$IZ,84,FALSE) -> 22.14 | P12: =RANK(O12,O$5:O$22) -> 5 | Q12: =VLOOKUP($A12,'L10'!$A:$IZ,85,FALSE) -> 25.065 | R12: =RANK(Q12,Q$5:Q$22) -> 6 | S12: =VLOOKUP($A12,'L10'!$A:$IZ,29,FALSE) -> 1.272 | T12: =RANK(S12,S$5:S$22) -> 8 | U12: =104-(N12+P12+R12+T12) -> 81 | V12: =RANK(U12,U$5:U$22) -> 5 | X12: =VLOOKUP($A12,'L10'!$A:$IZ,65,FALSE) -> 45.083 | Y12: =RANK(X12,X$5:X$22) -> 10 | Z12: =VLOOKUP($A12,'L10'!$A:$IZ,64,FALSE) -> 23.191 | AA12: =RANK(Z12,Z$5:Z$22) -> 11 | AB12: =VLOOKUP($A12,'L10'!$A:$IZ,63,FALSE) -> 48.077 | AC12: =RANK(AB12,AB$5:AB$22) -> 8 | AD12: =VLOOKUP($A12,'L10'!$A:$IZ,71,FALSE) -> 0.478 | AE12: =RANK(AD12,AD$5:AD$22) -> 8 | AF12: =104-(Y12+AA12+AC12+AE12) -> 67 | AG12: =RANK(AF12,AF$5:AF$22) -> 9 | AI12: =VLOOKUP($A12,'L10'!$A:$IZ,183,FALSE) -> 10.758 | AJ12: =RANK(AI12,AI$5:AI$22,1) -> 12 | AK12: =VLOOKUP($A12,'L10'!$A:$IZ,181,FALSE) -> 19.72 | AL12: =RANK(AK12,AK$5:AK$22,1) -> 6 | AM12: =VLOOKUP($A12,'L10'!$A:$IZ,182,FALSE) -> 24.878 | AN12: =RANK(AM12,AM$5:AM$22,1) -> 11 | AO12: =VLOOKUP($A12,'L10'!$A:$IZ,163,FALSE) -> 21.4 | AP12: =RANK(AO12,AO$5:AO$22,1) -> 2 | AQ12: =104-(AJ12+AL12+AN12+AP12) -> 73 | AR12: =RANK(AQ12,AQ$5:AQ$22) -> 9 | AT12: =VLOOKUP($A12,'L10'!$A:$IZ,250,FALSE) -> -4.5 | AU12: =RANK(AT12,AT$5:AT$22,0) -> 16 | AV12: =VLOOKUP($A12,'L10'!$A:$IZ,92,FALSE) -> 11.7 | AW12: =RANK(AV12,AV$5:AV$22,0) -> 6 | AX12: =VLOOKUP($A12,'L10'!$A:$IZ,93,FALSE) -> 256.9 | AY12: =RANK(AX12,AX$5:AX$22,0) -> 15 | AZ12: =VLOOKUP($A12,'L10'!$A:$IZ,108,FALSE) -> 45.6 | BA12: =RANK(AZ12,AZ$5:AZ$22,0) -> 5 | BB12: =104-(AU12+AW12+AY12+BA12) -> 62 | BC12: =RANK(BB12,BB$5:BB$22,0) -> 12 | BE12: =VLOOKUP($A12,'L10'!$A:$IZ,80,FALSE) -> 46.1 | BF12: =RANK(BE12,BE$5:BE$22) -> 9 | BG12: =VLOOKUP($A12,'L10'!$A:$IZ,177,FALSE) -> 41.5 | BH12: =RANK(BG12,BG$5:BG$22,1) -> 6 | BI12: =VLOOKUP($A12,'L10'!$A:$IZ,79,FALSE) -> 37.5 | BJ12: =RANK(BI12,BI$5:BI$22) -> 4 | BK12: =VLOOKUP($A12,'L10'!$A:$IZ,176,FALSE) -> 28.4 | BL12: =RANK(BK12,BK$5:BK$22,1) -> 3 | BM12: =VLOOKUP($A12,'L10'!$A:$IZ,11,FALSE) -> 52.504 | BN12: =RANK(BM12,BM$5:BM$22) -> 4 | BO12: =VLOOKUP($A12,'L10'!$A:$IZ,222,FALSE) -> -1.3 | BP12: =RANK(BO12,BO$5:BO$22) -> 12 | BQ12: =104-(BJ12+BL12+BN12+BP12) -> 81 | BR12: =RANK(BQ12,BQ$5:BQ$22) -> 4 | BT12: =VLOOKUP($A12,'Ratings Season'!$A:$M,8,FALSE) -> 15.9 | BU12: =RANK(BT12,BT$5:BT$22) -> 7 | BV12: =VLOOKUP($A12,'Ratings Season'!$A:$M,4,FALSE) -> 6.3 | BW12: =RANK(BV12,BV$5:BV$22) -> 6 | BX12: =VLOOKUP($A12,'Ratings Season'!$A:$M,2,FALSE) -> 11.5 | BY12: =RANK(BX12,BX$5:BX$22) -> 6
A13: Greater Western Sydney | B13: =VLOOKUP($A13,'L10'!$A:$IZ,222,FALSE) -> 2.3 | C13: =RANK(B13,B$5:B$22) -> 8 | D13: =VLOOKUP($A13,'L10'!$A:$IZ,218,FALSE) -> 2.2 | E13: =RANK(D13,D$5:D$22) -> 8 | F13: =VLOOKUP($A13,'L10'!$A:$IZ,49,FALSE) -> 76.429 | G13: =RANK(F13,F$5:F$22) -> 5 | H13: =VLOOKUP($A13,'L10'!$A:$IZ,229,FALSE) -> 0.6 | I13: =RANK(H13,H$5:H$22) -> 8 | J13: =104-(C13+E13+G13+I13) -> 75 | K13: =RANK(J13,J$5:J$22) -> 4 | M13: =VLOOKUP($A13,'L10'!$A:$IZ,88,FALSE) -> 13.978 | N13: =RANK(M13,M$5:M$22) -> 6 | O13: =VLOOKUP($A13,'L10'!$A:$IZ,84,FALSE) -> 23.567 | P13: =RANK(O13,O$5:O$22) -> 3 | Q13: =VLOOKUP($A13,'L10'!$A:$IZ,85,FALSE) -> 25.124 | R13: =RANK(Q13,Q$5:Q$22) -> 5 | S13: =VLOOKUP($A13,'L10'!$A:$IZ,29,FALSE) -> 2.685 | T13: =RANK(S13,S$5:S$22) -> 4 | U13: =104-(N13+P13+R13+T13) -> 86 | V13: =RANK(U13,U$5:U$22) -> 4 | X13: =VLOOKUP($A13,'L10'!$A:$IZ,65,FALSE) -> 47.874 | Y13: =RANK(X13,X$5:X$22) -> 3 | Z13: =VLOOKUP($A13,'L10'!$A:$IZ,64,FALSE) -> 27.911 | AA13: =RANK(Z13,Z$5:Z$22) -> 2 | AB13: =VLOOKUP($A13,'L10'!$A:$IZ,63,FALSE) -> 52.613 | AC13: =RANK(AB13,AB$5:AB$22) -> 3 | AD13: =VLOOKUP($A13,'L10'!$A:$IZ,71,FALSE) -> 6.556 | AE13: =RANK(AD13,AD$5:AD$22) -> 2 | AF13: =104-(Y13+AA13+AC13+AE13) -> 94 | AG13: =RANK(AF13,AF$5:AF$22) -> 2 | AI13: =VLOOKUP($A13,'L10'!$A:$IZ,183,FALSE) -> 8.684 | AJ13: =RANK(AI13,AI$5:AI$22,1) -> 3 | AK13: =VLOOKUP($A13,'L10'!$A:$IZ,181,FALSE) -> 20.826 | AL13: =RANK(AK13,AK$5:AK$22,1) -> 9 | AM13: =VLOOKUP($A13,'L10'!$A:$IZ,182,FALSE) -> 21.579 | AN13: =RANK(AM13,AM$5:AM$22,1) -> 5 | AO13: =VLOOKUP($A13,'L10'!$A:$IZ,163,FALSE) -> 22.719 | AP13: =RANK(AO13,AO$5:AO$22,1) -> 5 | AQ13: =104-(AJ13+AL13+AN13+AP13) -> 82 | AR13: =RANK(AQ13,AQ$5:AQ$22) -> 4 | AT13: =VLOOKUP($A13,'L10'!$A:$IZ,250,FALSE) -> 3.8 | AU13: =RANK(AT13,AT$5:AT$22,0) -> 2 | AV13: =VLOOKUP($A13,'L10'!$A:$IZ,92,FALSE) -> 10 | AW13: =RANK(AV13,AV$5:AV$22,0) -> 15 | AX13: =VLOOKUP($A13,'L10'!$A:$IZ,93,FALSE) -> 264.8 | AY13: =RANK(AX13,AX$5:AX$22,0) -> 10 | AZ13: =VLOOKUP($A13,'L10'!$A:$IZ,108,FALSE) -> 40.8 | BA13: =RANK(AZ13,AZ$5:AZ$22,0) -> 13 | BB13: =104-(AU13+AW13+AY13+BA13) -> 64 | BC13: =RANK(BB13,BB$5:BB$22,0) -> 9 | BE13: =VLOOKUP($A13,'L10'!$A:$IZ,80,FALSE) -> 50.5 | BF13: =RANK(BE13,BE$5:BE$22) -> 6 | BG13: =VLOOKUP($A13,'L10'!$A:$IZ,177,FALSE) -> 48.8 | BH13: =RANK(BG13,BG$5:BG$22,1) -> 13 | BI13: =VLOOKUP($A13,'L10'!$A:$IZ,79,FALSE) -> 45.8 | BJ13: =RANK(BI13,BI$5:BI$22) -> 1 | BK13: =VLOOKUP($A13,'L10'!$A:$IZ,176,FALSE) -> 31.1 | BL13: =RANK(BK13,BK$5:BK$22,1) -> 4 | BM13: =VLOOKUP($A13,'L10'!$A:$IZ,11,FALSE) -> 48.578 | BN13: =RANK(BM13,BM$5:BM$22) -> 13 | BO13: =VLOOKUP($A13,'L10'!$A:$IZ,222,FALSE) -> 2.3 | BP13: =RANK(BO13,BO$5:BO$22) -> 8 | BQ13: =104-(BJ13+BL13+BN13+BP13) -> 78 | BR13: =RANK(BQ13,BQ$5:BQ$22) -> 5 | BT13: =VLOOKUP($A13,'Ratings Season'!$A:$M,8,FALSE) -> 7.1 | BU13: =RANK(BT13,BT$5:BT$22) -> 8 | BV13: =VLOOKUP($A13,'Ratings Season'!$A:$M,4,FALSE) -> 9.4 | BW13: =RANK(BV13,BV$5:BV$22) -> 5 | BX13: =VLOOKUP($A13,'Ratings Season'!$A:$M,2,FALSE) -> 7.1 | BY13: =RANK(BX13,BX$5:BX$22) -> 8
A14: Hawthorn | B14: =VLOOKUP($A14,'L10'!$A:$IZ,222,FALSE) -> 6.8 | C14: =RANK(B14,B$5:B$22) -> 3 | D14: =VLOOKUP($A14,'L10'!$A:$IZ,218,FALSE) -> 5.8 | E14: =RANK(D14,D$5:D$22) -> 3 | F14: =VLOOKUP($A14,'L10'!$A:$IZ,49,FALSE) -> 72.398 | G14: =RANK(F14,F$5:F$22) -> 14 | H14: =VLOOKUP($A14,'L10'!$A:$IZ,229,FALSE) -> -3 | I14: =RANK(H14,H$5:H$22) -> 13 | J14: =104-(C14+E14+G14+I14) -> 71 | K14: =RANK(J14,J$5:J$22) -> 9 | M14: =VLOOKUP($A14,'L10'!$A:$IZ,88,FALSE) -> 12.327 | N14: =RANK(M14,M$5:M$22) -> 11 | O14: =VLOOKUP($A14,'L10'!$A:$IZ,84,FALSE) -> 19.882 | P14: =RANK(O14,O$5:O$22) -> 12 | Q14: =VLOOKUP($A14,'L10'!$A:$IZ,85,FALSE) -> 20.673 | R14: =RANK(Q14,Q$5:Q$22) -> 14 | S14: =VLOOKUP($A14,'L10'!$A:$IZ,29,FALSE) -> 0.195 | T14: =RANK(S14,S$5:S$22) -> 14 | U14: =104-(N14+P14+R14+T14) -> 53 | V14: =RANK(U14,U$5:U$22) -> 12 | X14: =VLOOKUP($A14,'L10'!$A:$IZ,65,FALSE) -> 45.315 | Y14: =RANK(X14,X$5:X$22) -> 9 | Z14: =VLOOKUP($A14,'L10'!$A:$IZ,64,FALSE) -> 25.239 | AA14: =RANK(Z14,Z$5:Z$22) -> 6 | AB14: =VLOOKUP($A14,'L10'!$A:$IZ,63,FALSE) -> 51.362 | AC14: =RANK(AB14,AB$5:AB$22) -> 4 | AD14: =VLOOKUP($A14,'L10'!$A:$IZ,71,FALSE) -> 5.627 | AE14: =RANK(AD14,AD$5:AD$22) -> 4 | AF14: =104-(Y14+AA14+AC14+AE14) -> 81 | AG14: =RANK(AF14,AF$5:AF$22) -> 5 | AI14: =VLOOKUP($A14,'L10'!$A:$IZ,183,FALSE) -> 7.853 | AJ14: =RANK(AI14,AI$5:AI$22,1) -> 2 | AK14: =VLOOKUP($A14,'L10'!$A:$IZ,181,FALSE) -> 17.747 | AL14: =RANK(AK14,AK$5:AK$22,1) -> 3 | AM14: =VLOOKUP($A14,'L10'!$A:$IZ,182,FALSE) -> 21.99 | AN14: =RANK(AM14,AM$5:AM$22,1) -> 8 | AO14: =VLOOKUP($A14,'L10'!$A:$IZ,163,FALSE) -> 20 | AP14: =RANK(AO14,AO$5:AO$22,1) -> 1 | AQ14: =104-(AJ14+AL14+AN14+AP14) -> 90 | AR14: =RANK(AQ14,AQ$5:AQ$22) -> 2 | AT14: =VLOOKUP($A14,'L10'!$A:$IZ,250,FALSE) -> -4.2 | AU14: =RANK(AT14,AT$5:AT$22,0) -> 15 | AV14: =VLOOKUP($A14,'L10'!$A:$IZ,92,FALSE) -> 13.7 | AW14: =RANK(AV14,AV$5:AV$22,0) -> 2 | AX14: =VLOOKUP($A14,'L10'!$A:$IZ,93,FALSE) -> 281.6 | AY14: =RANK(AX14,AX$5:AX$22,0) -> 1 | AZ14: =VLOOKUP($A14,'L10'!$A:$IZ,108,FALSE) -> 48.4 | BA14: =RANK(AZ14,AZ$5:AZ$22,0) -> 2 | BB14: =104-(AU14+AW14+AY14+BA14) -> 84 | BC14: =RANK(BB14,BB$5:BB$22,0) -> 2 | BE14: =VLOOKUP($A14,'L10'!$A:$IZ,80,FALSE) -> 52.4 | BF14: =RANK(BE14,BE$5:BE$22) -> 3 | BG14: =VLOOKUP($A14,'L10'!$A:$IZ,177,FALSE) -> 36 | BH14: =RANK(BG14,BG$5:BG$22,1) -> 2 | BI14: =VLOOKUP($A14,'L10'!$A:$IZ,79,FALSE) -> 35.1 | BJ14: =RANK(BI14,BI$5:BI$22) -> 10 | BK14: =VLOOKUP($A14,'L10'!$A:$IZ,176,FALSE) -> 35 | BL14: =RANK(BK14,BK$5:BK$22,1) -> 11 | BM14: =VLOOKUP($A14,'L10'!$A:$IZ,11,FALSE) -> 51.064 | BN14: =RANK(BM14,BM$5:BM$22) -> 5 | BO14: =VLOOKUP($A14,'L10'!$A:$IZ,222,FALSE) -> 6.8 | BP14: =RANK(BO14,BO$5:BO$22) -> 3 | BQ14: =104-(BJ14+BL14+BN14+BP14) -> 75 | BR14: =RANK(BQ14,BQ$5:BQ$22) -> 7 | BT14: =VLOOKUP($A14,'Ratings Season'!$A:$M,8,FALSE) -> 16.1 | BU14: =RANK(BT14,BT$5:BT$22) -> 6 | BV14: =VLOOKUP($A14,'Ratings Season'!$A:$M,4,FALSE) -> 10.8 | BW14: =RANK(BV14,BV$5:BV$22) -> 4 | BX14: =VLOOKUP($A14,'Ratings Season'!$A:$M,2,FALSE) -> 21.7 | BY14: =RANK(BX14,BX$5:BX$22) -> 4
A15: Melbourne | B15: =VLOOKUP($A15,'L10'!$A:$IZ,222,FALSE) -> 9.4 | C15: =RANK(B15,B$5:B$22) -> 1 | D15: =VLOOKUP($A15,'L10'!$A:$IZ,218,FALSE) -> 5.4 | E15: =RANK(D15,D$5:D$22) -> 4 | F15: =VLOOKUP($A15,'L10'!$A:$IZ,49,FALSE) -> 71.014 | G15: =RANK(F15,F$5:F$22) -> 17 | H15: =VLOOKUP($A15,'L10'!$A:$IZ,229,FALSE) -> 0.1 | I15: =RANK(H15,H$5:H$22) -> 9 | J15: =104-(C15+E15+G15+I15) -> 73 | K15: =RANK(J15,J$5:J$22) -> 7 | M15: =VLOOKUP($A15,'L10'!$A:$IZ,88,FALSE) -> 13.282 | N15: =RANK(M15,M$5:M$22) -> 7 | O15: =VLOOKUP($A15,'L10'!$A:$IZ,84,FALSE) -> 21.723 | P15: =RANK(O15,O$5:O$22) -> 7 | Q15: =VLOOKUP($A15,'L10'!$A:$IZ,85,FALSE) -> 22.28 | R15: =RANK(Q15,Q$5:Q$22) -> 10 | S15: =VLOOKUP($A15,'L10'!$A:$IZ,29,FALSE) -> 3.392 | T15: =RANK(S15,S$5:S$22) -> 3 | U15: =104-(N15+P15+R15+T15) -> 77 | V15: =RANK(U15,U$5:U$22) -> 6 | X15: =VLOOKUP($A15,'L10'!$A:$IZ,65,FALSE) -> 46.05 | Y15: =RANK(X15,X$5:X$22) -> 7 | Z15: =VLOOKUP($A15,'L10'!$A:$IZ,64,FALSE) -> 24.663 | AA15: =RANK(Z15,Z$5:Z$22) -> 8 | AB15: =VLOOKUP($A15,'L10'!$A:$IZ,63,FALSE) -> 48.12 | AC15: =RANK(AB15,AB$5:AB$22) -> 7 | AD15: =VLOOKUP($A15,'L10'!$A:$IZ,71,FALSE) -> 0.568 | AE15: =RANK(AD15,AD$5:AD$22) -> 7 | AF15: =104-(Y15+AA15+AC15+AE15) -> 75 | AG15: =RANK(AF15,AF$5:AF$22) -> 7 | AI15: =VLOOKUP($A15,'L10'!$A:$IZ,183,FALSE) -> 10.789 | AJ15: =RANK(AI15,AI$5:AI$22,1) -> 13 | AK15: =VLOOKUP($A15,'L10'!$A:$IZ,181,FALSE) -> 21.972 | AL15: =RANK(AK15,AK$5:AK$22,1) -> 12 | AM15: =VLOOKUP($A15,'L10'!$A:$IZ,182,FALSE) -> 26.44 | AN15: =RANK(AM15,AM$5:AM$22,1) -> 14 | AO15: =VLOOKUP($A15,'L10'!$A:$IZ,163,FALSE) -> 25.6 | AP15: =RANK(AO15,AO$5:AO$22,1) -> 13 | AQ15: =104-(AJ15+AL15+AN15+AP15) -> 52 | AR15: =RANK(AQ15,AQ$5:AQ$22) -> 14 | AT15: =VLOOKUP($A15,'L10'!$A:$IZ,250,FALSE) -> 1.9 | AU15: =RANK(AT15,AT$5:AT$22,0) -> 5 | AV15: =VLOOKUP($A15,'L10'!$A:$IZ,92,FALSE) -> 10 | AW15: =RANK(AV15,AV$5:AV$22,0) -> 15 | AX15: =VLOOKUP($A15,'L10'!$A:$IZ,93,FALSE) -> 255.4 | AY15: =RANK(AX15,AX$5:AX$22,0) -> 16 | AZ15: =VLOOKUP($A15,'L10'!$A:$IZ,108,FALSE) -> 39.4 | BA15: =RANK(AZ15,AZ$5:AZ$22,0) -> 15 | BB15: =104-(AU15+AW15+AY15+BA15) -> 53 | BC15: =RANK(BB15,BB$5:BB$22,0) -> 17 | BE15: =VLOOKUP($A15,'L10'!$A:$IZ,80,FALSE) -> 46.3 | BF15: =RANK(BE15,BE$5:BE$22) -> 8 | BG15: =VLOOKUP($A15,'L10'!$A:$IZ,177,FALSE) -> 47.5 | BH15: =RANK(BG15,BG$5:BG$22,1) -> 12 | BI15: =VLOOKUP($A15,'L10'!$A:$IZ,79,FALSE) -> 35.9 | BJ15: =RANK(BI15,BI$5:BI$22) -> 9 | BK15: =VLOOKUP($A15,'L10'!$A:$IZ,176,FALSE) -> 35.5 | BL15: =RANK(BK15,BK$5:BK$22,1) -> 12 | BM15: =VLOOKUP($A15,'L10'!$A:$IZ,11,FALSE) -> 50.188 | BN15: =RANK(BM15,BM$5:BM$22) -> 8 | BO15: =VLOOKUP($A15,'L10'!$A:$IZ,222,FALSE) -> 9.4 | BP15: =RANK(BO15,BO$5:BO$22) -> 1 | BQ15: =104-(BJ15+BL15+BN15+BP15) -> 74 | BR15: =RANK(BQ15,BQ$5:BQ$22) -> 8 | BT15: =VLOOKUP($A15,'Ratings Season'!$A:$M,8,FALSE) -> -3.7 | BU15: =RANK(BT15,BT$5:BT$22) -> 12 | BV15: =VLOOKUP($A15,'Ratings Season'!$A:$M,4,FALSE) -> -0.4 | BW15: =RANK(BV15,BV$5:BV$22) -> 9 | BX15: =VLOOKUP($A15,'Ratings Season'!$A:$M,2,FALSE) -> -1.2 | BY15: =RANK(BX15,BX$5:BX$22) -> 10
A16: North Melbourne | B16: =VLOOKUP($A16,'L10'!$A:$IZ,222,FALSE) -> -6.7 | C16: =RANK(B16,B$5:B$22) -> 15 | D16: =VLOOKUP($A16,'L10'!$A:$IZ,218,FALSE) -> 1.9 | E16: =RANK(D16,D$5:D$22) -> 9 | F16: =VLOOKUP($A16,'L10'!$A:$IZ,49,FALSE) -> 77.123 | G16: =RANK(F16,F$5:F$22) -> 2 | H16: =VLOOKUP($A16,'L10'!$A:$IZ,229,FALSE) -> -0.6 | I16: =RANK(H16,H$5:H$22) -> 11 | J16: =104-(C16+E16+G16+I16) -> 67 | K16: =RANK(J16,J$5:J$22) -> 12 | M16: =VLOOKUP($A16,'L10'!$A:$IZ,88,FALSE) -> 11.587 | N16: =RANK(M16,M$5:M$22) -> 12 | O16: =VLOOKUP($A16,'L10'!$A:$IZ,84,FALSE) -> 20.37 | P16: =RANK(O16,O$5:O$22) -> 10 | Q16: =VLOOKUP($A16,'L10'!$A:$IZ,85,FALSE) -> 20.619 | R16: =RANK(Q16,Q$5:Q$22) -> 15 | S16: =VLOOKUP($A16,'L10'!$A:$IZ,29,FALSE) -> 1.216 | T16: =RANK(S16,S$5:S$22) -> 9 | U16: =104-(N16+P16+R16+T16) -> 58 | V16: =RANK(U16,U$5:U$22) -> 11 | X16: =VLOOKUP($A16,'L10'!$A:$IZ,65,FALSE) -> 47.216 | Y16: =RANK(X16,X$5:X$22) -> 4 | Z16: =VLOOKUP($A16,'L10'!$A:$IZ,64,FALSE) -> 26.281 | AA16: =RANK(Z16,Z$5:Z$22) -> 5 | AB16: =VLOOKUP($A16,'L10'!$A:$IZ,63,FALSE) -> 51.082 | AC16: =RANK(AB16,AB$5:AB$22) -> 5 | AD16: =VLOOKUP($A16,'L10'!$A:$IZ,71,FALSE) -> -0.089 | AE16: =RANK(AD16,AD$5:AD$22) -> 9 | AF16: =104-(Y16+AA16+AC16+AE16) -> 81 | AG16: =RANK(AF16,AF$5:AF$22) -> 5 | AI16: =VLOOKUP($A16,'L10'!$A:$IZ,183,FALSE) -> 12.991 | AJ16: =RANK(AI16,AI$5:AI$22,1) -> 15 | AK16: =VLOOKUP($A16,'L10'!$A:$IZ,181,FALSE) -> 27.616 | AL16: =RANK(AK16,AK$5:AK$22,1) -> 18 | AM16: =VLOOKUP($A16,'L10'!$A:$IZ,182,FALSE) -> 28.097 | AN16: =RANK(AM16,AM$5:AM$22,1) -> 16 | AO16: =VLOOKUP($A16,'L10'!$A:$IZ,163,FALSE) -> 29.485 | AP16: =RANK(AO16,AO$5:AO$22,1) -> 18 | AQ16: =104-(AJ16+AL16+AN16+AP16) -> 37 | AR16: =RANK(AQ16,AQ$5:AQ$22) -> 18 | AT16: =VLOOKUP($A16,'L10'!$A:$IZ,250,FALSE) -> -3.6 | AU16: =RANK(AT16,AT$5:AT$22,0) -> 14 | AV16: =VLOOKUP($A16,'L10'!$A:$IZ,92,FALSE) -> 10.4 | AW16: =RANK(AV16,AV$5:AV$22,0) -> 10 | AX16: =VLOOKUP($A16,'L10'!$A:$IZ,93,FALSE) -> 262.7 | AY16: =RANK(AX16,AX$5:AX$22,0) -> 11 | AZ16: =VLOOKUP($A16,'L10'!$A:$IZ,108,FALSE) -> 39.6 | BA16: =RANK(AZ16,AZ$5:AZ$22,0) -> 14 | BB16: =104-(AU16+AW16+AY16+BA16) -> 55 | BC16: =RANK(BB16,BB$5:BB$22,0) -> 16 | BE16: =VLOOKUP($A16,'L10'!$A:$IZ,80,FALSE) -> 37.1 | BF16: =RANK(BE16,BE$5:BE$22) -> 14 | BG16: =VLOOKUP($A16,'L10'!$A:$IZ,177,FALSE) -> 63.1 | BH16: =RANK(BG16,BG$5:BG$22,1) -> 18 | BI16: =VLOOKUP($A16,'L10'!$A:$IZ,79,FALSE) -> 37.2 | BJ16: =RANK(BI16,BI$5:BI$22) -> 5 | BK16: =VLOOKUP($A16,'L10'!$A:$IZ,176,FALSE) -> 45 | BL16: =RANK(BK16,BK$5:BK$22,1) -> 18 | BM16: =VLOOKUP($A16,'L10'!$A:$IZ,11,FALSE) -> 45.629 | BN16: =RANK(BM16,BM$5:BM$22) -> 18 | BO16: =VLOOKUP($A16,'L10'!$A:$IZ,222,FALSE) -> -6.7 | BP16: =RANK(BO16,BO$5:BO$22) -> 15 | BQ16: =104-(BJ16+BL16+BN16+BP16) -> 48 | BR16: =RANK(BQ16,BQ$5:BQ$22) -> 16 | BT16: =VLOOKUP($A16,'Ratings Season'!$A:$M,8,FALSE) -> -21.4 | BU16: =RANK(BT16,BT$5:BT$22) -> 15 | BV16: =VLOOKUP($A16,'Ratings Season'!$A:$M,4,FALSE) -> -3.5 | BW16: =RANK(BV16,BV$5:BV$22) -> 11 | BX16: =VLOOKUP($A16,'Ratings Season'!$A:$M,2,FALSE) -> -20.1 | BY16: =RANK(BX16,BX$5:BX$22) -> 15
... A22: Western Bulldogs | B22: =VLOOKUP($A22,'L10'!$A:$IZ,222,FALSE) -> 3.1 | C22: =RANK(B22,B$5:B$22) -> 5 | D22: =VLOOKUP($A22,'L10'!$A:$IZ,218,FALSE) -> 8.1 | E22: =RANK(D22,D$5:D$22) -> 2 | F22: =VLOOKUP($A22,'L10'!$A:$IZ,49,FALSE) -> 80.383 | G22: =RANK(F22,F$5:F$22) -> 1 | H22: =VLOOKUP($A22,'L10'!$A:$IZ,229,FALSE) -> 6.7 | I22: =RANK(H22,H$5:H$22) -> 2 | J22: =104-(C22+E22+G22+I22) -> 94 | K22: =RANK(J22,J$5:J$22) -> 1 | M22: =VLOOKUP($A22,'L10'!$A:$IZ,88,FALSE) -> 17.304 | N22: =RANK(M22,M$5:M$22) -> 2 | O22: =VLOOKUP($A22,'L10'!$A:$IZ,84,FALSE) -> 25.753 | P22: =RANK(O22,O$5:O$22) -> 2 | Q22: =VLOOKUP($A22,'L10'!$A:$IZ,85,FALSE) -> 27.473 | R22: =RANK(Q22,Q$5:Q$22) -> 3 | S22: =VLOOKUP($A22,'L10'!$A:$IZ,29,FALSE) -> 6.571 | T22: =RANK(S22,S$5:S$22) -> 2 | U22: =104-(N22+P22+R22+T22) -> 95 | V22: =RANK(U22,U$5:U$22) -> 2 | X22: =VLOOKUP($A22,'L10'!$A:$IZ,65,FALSE) -> 51.254 | Y22: =RANK(X22,X$5:X$22) -> 1 | Z22: =VLOOKUP($A22,'L10'!$A:$IZ,64,FALSE) -> 31.004 | AA22: =RANK(Z22,Z$5:Z$22) -> 1 | AB22: =VLOOKUP($A22,'L10'!$A:$IZ,63,FALSE) -> 54.747 | AC22: =RANK(AB22,AB$5:AB$22) -> 1 | AD22: =VLOOKUP($A22,'L10'!$A:$IZ,71,FALSE) -> 6.022 | AE22: =RANK(AD22,AD$5:AD$22) -> 3 | AF22: =104-(Y22+AA22+AC22+AE22) -> 98 | AG22: =RANK(AF22,AF$5:AF$22) -> 1 | AI22: =VLOOKUP($A22,'L10'!$A:$IZ,183,FALSE) -> 9.181 | AJ22: =RANK(AI22,AI$5:AI$22,1) -> 6 | AK22: =VLOOKUP($A22,'L10'!$A:$IZ,181,FALSE) -> 19.753 | AL22: =RANK(AK22,AK$5:AK$22,1) -> 7 | AM22: =VLOOKUP($A22,'L10'!$A:$IZ,182,FALSE) -> 21.092 | AN22: =RANK(AM22,AM$5:AM$22,1) -> 4 | AO22: =VLOOKUP($A22,'L10'!$A:$IZ,163,FALSE) -> 23.529 | AP22: =RANK(AO22,AO$5:AO$22,1) -> 7 | AQ22: =104-(AJ22+AL22+AN22+AP22) -> 80 | AR22: =RANK(AQ22,AQ$5:AQ$22) -> 5 | AT22: =VLOOKUP($A22,'L10'!$A:$IZ,250,FALSE) -> -7 | AU22: =RANK(AT22,AT$5:AT$22,0) -> 17 | AV22: =VLOOKUP($A22,'L10'!$A:$IZ,92,FALSE) -> 12.2 | AW22: =RANK(AV22,AV$5:AV$22,0) -> 4 | AX22: =VLOOKUP($A22,'L10'!$A:$IZ,93,FALSE) -> 262.6 | AY22: =RANK(AX22,AX$5:AX$22,0) -> 12 | AZ22: =VLOOKUP($A22,'L10'!$A:$IZ,108,FALSE) -> 43.2 | BA22: =RANK(AZ22,AZ$5:AZ$22,0) -> 9 | BB22: =104-(AU22+AW22+AY22+BA22) -> 62 | BC22: =RANK(BB22,BB$5:BB$22,0) -> 12 | BE22: =VLOOKUP($A22,'L10'!$A:$IZ,80,FALSE) -> 65.5 | BF22: =RANK(BE22,BE$5:BE$22) -> 2 | BG22: =VLOOKUP($A22,'L10'!$A:$IZ,177,FALSE) -> 43 | BH22: =RANK(BG22,BG$5:BG$22,1) -> 7 | BI22: =VLOOKUP($A22,'L10'!$A:$IZ,79,FALSE) -> 43.4 | BJ22: =RANK(BI22,BI$5:BI$22) -> 2 | BK22: =VLOOKUP($A22,'L10'!$A:$IZ,176,FALSE) -> 28.2 | BL22: =RANK(BK22,BK$5:BK$22,1) -> 2 | BM22: =VLOOKUP($A22,'L10'!$A:$IZ,11,FALSE) -> 53.701 | BN22: =RANK(BM22,BM$5:BM$22) -> 2 | BO22: =VLOOKUP($A22,'L10'!$A:$IZ,222,FALSE) -> 3.1 | BP22: =RANK(BO22,BO$5:BO$22) -> 5 | BQ22: =104-(BJ22+BL22+BN22+BP22) -> 93 | BR22: =RANK(BQ22,BQ$5:BQ$22) -> 1 | BT22: =VLOOKUP($A22,'Ratings Season'!$A:$M,8,FALSE) -> 25.2 | BU22: =RANK(BT22,BT$5:BT$22) -> 2 | BV22: =VLOOKUP($A22,'Ratings Season'!$A:$M,4,FALSE) -> 22.4 | BW22: =RANK(BV22,BV$5:BV$22) -> 1 | BX22: =VLOOKUP($A22,'Ratings Season'!$A:$M,2,FALSE) -> 27.7 | BY22: =RANK(BX22,BX$5:BX$22) -> 2

Sheet 2025 Summary
A1: SEASON TOTAL
A3: Team | B3: Ball Winning | M3: Ball Movement | X3: Scoring | AI3: Defence | AT3: Pressure | BE3: Health Check | BT3: Wheelo Ratings
B4: Post Clear CP Diff | C4: Rank | D4: Ground Ball Diff | E4: Rank | F4: 1st Poss to Clear % | G4: Rank | H4: Clearance Diff | I4: Rank | J4: Ball Winning Ranking | K4: Rank | M4: Def Half to Score % | N4: Rank | O4: Chain to Score % | P4: Rank | Q4: D50 to F50 % | R4: Rank | S4: Kick Rating | T4: Rank | U4: Ball Movement Ranking | V4: Rank | X4: Scores per I50 % | Y4: Rank | Z4: Goals Per I 50 % | AA4: Rank | AB4: Accuracy % | AC4: Rank | AD4: +/- Exp Score | AE4: Rank | AF4: Scoring Ranking | AG4: Rank | AI4: Def Half to Score Ag % | AJ4: Rank | AK4: Chain to Score Ag % | AL4: Rank | AM4: D50 to F50 Ag % | AN4: Rank | AO4: Goals Per I50 Ag % | AP4: Rank | AQ4: Defence Ranking | AR4: Rank | AT4: Tackle Diff | AU4: Rank | AV4: F50 Tackles | AW4: Rank | AX4: Pressure Acts | AY4: Rank | AZ4: 1%'ers | BA4: Rank | BB4: Pressure Ranking | BC4: Rank | BE4: Score from Turnover For | BF4: Rank | BG4: Scores from Turnover Ag | BH4: Rank | BI4: Scores from Stoppages For | BJ4: Rank | BK4: Scores from Stoppage Ag | BL4: Rank | BM4: Territory % | BN4: Rank | BO4: Post-Clearance CP Diff | BP4: Rank | BQ4: Health Check Ranking | BR4: Rank | BT4: Attack Rating | BU4: Rank | BV4: Defence Rating | BW4: Rank | BX4: Overall Rating | BY4: Rank
A5: Adelaide | B5: =VLOOKUP($A5,'2025'!$A:$IZ,222,FALSE) -> 7.08 | C5: =RANK(B5,B$5:B$22) -> 1 | D5: =VLOOKUP($A5,'2025'!$A:$IZ,218,FALSE) -> -0.96 | E5: =RANK(D5,D$5:D$22) -> 12 | F5: =VLOOKUP($A5,'2025'!$A:$IZ,49,FALSE) -> 76.529 | G5: =RANK(F5,F$5:F$22) -> 4 | H5: =VLOOKUP($A5,'2025'!$A:$IZ,229,FALSE) -> -1.88 | I5: =RANK(H5,H$5:H$22) -> 12 | J5: =104-(C5+E5+G5+I5) -> 75 | K5: =RANK(J5,J$5:J$22) -> 5 | M5: =VLOOKUP($A5,'2025'!$A:$IZ,88,FALSE) -> 12.764 | N5: =RANK(M5,M$5:M$22) -> 10 | O5: =VLOOKUP($A5,'2025'!$A:$IZ,84,FALSE) -> 20.703 | P5: =RANK(O5,O$5:O$22) -> 11 | Q5: =VLOOKUP($A5,'2025'!$A:$IZ,85,FALSE) -> 21.095 | R5: =RANK(Q5,Q$5:Q$22) -> 12 | S5: =VLOOKUP($A5,'2025'!$A:$IZ,29,FALSE) -> 2.136 | T5: =RANK(S5,S$5:S$22) -> 5 | U5: =104-(N5+P5+R5+T5) -> 66 | V5: =RANK(U5,U$5:U$22) -> 10 | X5: =VLOOKUP($A5,'2025'!$A:$IZ,65,FALSE) -> 46.033 | Y5: =RANK(X5,X$5:X$22) -> 4 | Z5: =VLOOKUP($A5,'2025'!$A:$IZ,64,FALSE) -> 26.722 | AA5: =RANK(Z5,Z$5:Z$22) -> 3 | AB5: =VLOOKUP($A5,'2025'!$A:$IZ,63,FALSE) -> 52.5 | AC5: =RANK(AB5,AB$5:AB$22) -> 2 | AD5: =VLOOKUP($A5,'2025'!$A:$IZ,71,FALSE) -> 6.067 | AE5: =RANK(AD5,AD$5:AD$22) -> 1 | AF5: =104-(Y5+AA5+AC5+AE5) -> 94 | AG5: =RANK(AF5,AF$5:AF$22) -> 2 | AI5: =VLOOKUP($A5,'2025'!$A:$IZ,183,FALSE) -> 7.039 | AJ5: =RANK(AI5,AI$5:AI$22,1) -> 1 | AK5: =VLOOKUP($A5,'2025'!$A:$IZ,181,FALSE) -> 17.787 | AL5: =RANK(AK5,AK$5:AK$22,1) -> 2 | AM5: =VLOOKUP($A5,'2025'!$A:$IZ,182,FALSE) -> 18.201 | AN5: =RANK(AM5,AM$5:AM$22,1) -> 1 | AO5: =VLOOKUP($A5,'2025'!$A:$IZ,163,FALSE) -> 20.346 | AP5: =RANK(AO5,AO$5:AO$22,1) -> 1 | AQ5: =104-(AJ5+AL5+AN5+AP5) -> 99 | AR5: =RANK(AQ5,AQ$5:AQ$22) -> 1 | AT5: =VLOOKUP($A5,'2025'!$A:$IZ,250,FALSE) -> 3.72 | AU5: =RANK(AT5,AT$5:AT$22,0) -> 4 | AV5: =VLOOKUP($A5,'2025'!$A:$IZ,92,FALSE) -> 9.72 | AW5: =RANK(AV5,AV$5:AV$22,0) -> 16 | AX5: =VLOOKUP($A5,'2025'!$A:$IZ,93,FALSE) -> 270.88 | AY5: =RANK(AX5,AX$5:AX$22,0) -> 7 | AZ5: =VLOOKUP($A5,'2025'!$A:$IZ,108,FALSE) -> 43.96 | BA5: =RANK(AZ5,AZ$5:AZ$22,0) -> 5 | BB5: =104-(AU5+AW5+AY5+BA5) -> 72 | BC5: =RANK(BB5,BB$5:BB$22) -> 6 | BE5: =VLOOKUP($A5,'2025'!$A:$IZ,80,FALSE) -> 57.6 | BF5: =RANK(BE5,BE$5:BE$22) -> 2 | BG5: =VLOOKUP($A5,'2025'!$A:$IZ,177,FALSE) -> 40.72 | BH5: =RANK(BG5,BG$5:BG$22,1) -> 3 | BI5: =VLOOKUP($A5,'2025'!$A:$IZ,79,FALSE) -> 34.36 | BJ5: =RANK(BI5,BI$5:BI$22) -> 8 | BK5: =VLOOKUP($A5,'2025'!$A:$IZ,176,FALSE) -> 28.8 | BL5: =RANK(BK5,BK$5:BK$22,1) -> 1 | BM5: =VLOOKUP($A5,'2025'!$A:$IZ,11,FALSE) -> 50.839 | BN5: =RANK(BM5,BM$5:BM$22) -> 9 | BO5: =VLOOKUP($A5,'2025'!$A:$IZ,222,FALSE) -> 7.08 | BP5: =RANK(BO5,BO$5:BO$22) -> 1 | BQ5: =106-(BF5+BH5+BN5+BP5+BJ5+BL5) -> 82 | BR5: =RANK(BQ5,BQ$5:BQ$22) -> 3 | BT5: =VLOOKUP($A5,'Ratings Season'!$A:$M,10,FALSE) -> 9.4 | BU5: =RANK(BT5,BT$5:BT$22) -> 3 | BV5: =VLOOKUP($A5,'Ratings Season'!$A:$M,12,FALSE) -> 8.9 | BW5: =RANK(BV5,BV$5:BV$22) -> 4 | BX5: =VLOOKUP($A5,'Ratings Season'!$A:$M,8,FALSE) -> 18.2 | BY5: =RANK(BX5,BX$5:BX$22) -> 4
A6: Brisbane | B6: =VLOOKUP($A6,'2025'!$A:$IZ,222,FALSE) -> -0.852 | C6: =RANK(B6,B$5:B$22) -> 12 | D6: =VLOOKUP($A6,'2025'!$A:$IZ,218,FALSE) -> 3.556 | E6: =RANK(D6,D$5:D$22) -> 4 | F6: =VLOOKUP($A6,'2025'!$A:$IZ,49,FALSE) -> 76.636 | G6: =RANK(F6,F$5:F$22) -> 3 | H6: =VLOOKUP($A6,'2025'!$A:$IZ,229,FALSE) -> 5.259 | I6: =RANK(H6,H$5:H$22) -> 2 | J6: =104-(C6+E6+G6+I6) -> 83 | K6: =RANK(J6,J$5:J$22) -> 2 | M6: =VLOOKUP($A6,'2025'!$A:$IZ,88,FALSE) -> 14.914 | N6: =RANK(M6,M$5:M$22) -> 3 | O6: =VLOOKUP($A6,'2025'!$A:$IZ,84,FALSE) -> 22.226 | P6: =RANK(O6,O$5:O$22) -> 4 | Q6: =VLOOKUP($A6,'2025'!$A:$IZ,85,FALSE) -> 26.347 | R6: =RANK(Q6,Q$5:Q$22) -> 3 | S6: =VLOOKUP($A6,'2025'!$A:$IZ,29,FALSE) -> 1.716 | T6: =RANK(S6,S$5:S$22) -> 7 | U6: =104-(N6+P6+R6+T6) -> 87 | V6: =RANK(U6,U$5:U$22) -> 3 | X6: =VLOOKUP($A6,'2025'!$A:$IZ,65,FALSE) -> 44.488 | Y6: =RANK(X6,X$5:X$22) -> 10 | Z6: =VLOOKUP($A6,'2025'!$A:$IZ,64,FALSE) -> 23.157 | AA6: =RANK(Z6,Z$5:Z$22) -> 11 | AB6: =VLOOKUP($A6,'2025'!$A:$IZ,63,FALSE) -> 46.588 | AC6: =RANK(AB6,AB$5:AB$22) -> 12 | AD6: =VLOOKUP($A6,'2025'!$A:$IZ,71,FALSE) -> -1.863 | AE6: =RANK(AD6,AD$5:AD$22) -> 15 | AF6: =104-(Y6+AA6+AC6+AE6) -> 56 | AG6: =RANK(AF6,AF$5:AF$22) -> 11 | AI6: =VLOOKUP($A6,'2025'!$A:$IZ,183,FALSE) -> 9.122 | AJ6: =RANK(AI6,AI$5:AI$22,1) -> 9 | AK6: =VLOOKUP($A6,'2025'!$A:$IZ,181,FALSE) -> 19.476 | AL6: =RANK(AK6,AK$5:AK$22,1) -> 7 | AM6: =VLOOKUP($A6,'2025'!$A:$IZ,182,FALSE) -> 24.441 | AN6: =RANK(AM6,AM$5:AM$22,1) -> 14 | AO6: =VLOOKUP($A6,'2025'!$A:$IZ,163,FALSE) -> 22.657 | AP6: =RANK(AO6,AO$5:AO$22,1) -> 7 | AQ6: =104-(AJ6+AL6+AN6+AP6) -> 67 | AR6: =RANK(AQ6,AQ$5:AQ$22) -> 12 | AT6: =VLOOKUP($A6,'2025'!$A:$IZ,250,FALSE) -> 1.778 | AU6: =RANK(AT6,AT$5:AT$22,0) -> 7 | AV6: =VLOOKUP($A6,'2025'!$A:$IZ,92,FALSE) -> 11.704 | AW6: =RANK(AV6,AV$5:AV$22,0) -> 4 | AX6: =VLOOKUP($A6,'2025'!$A:$IZ,93,FALSE) -> 265.407 | AY6: =RANK(AX6,AX$5:AX$22,0) -> 12 | AZ6: =VLOOKUP($A6,'2025'!$A:$IZ,108,FALSE) -> 46.407 | BA6: =RANK(AZ6,AZ$5:AZ$22,0) -> 2 | BB6: =104-(AU6+AW6+AY6+BA6) -> 79 | BC6: =RANK(BB6,BB$5:BB$22) -> 2 | BE6: =VLOOKUP($A6,'2025'!$A:$IZ,80,FALSE) -> 52.111 | BF6: =RANK(BE6,BE$5:BE$22) -> 4 | BG6: =VLOOKUP($A6,'2025'!$A:$IZ,177,FALSE) -> 40.815 | BH6: =RANK(BG6,BG$5:BG$22,1) -> 4 | BI6: =VLOOKUP($A6,'2025'!$A:$IZ,79,FALSE) -> 35.296 | BJ6: =RANK(BI6,BI$5:BI$22) -> 7 | BK6: =VLOOKUP($A6,'2025'!$A:$IZ,176,FALSE) -> 33.185 | BL6: =RANK(BK6,BK$5:BK$22,1) -> 11 | BM6: =VLOOKUP($A6,'2025'!$A:$IZ,11,FALSE) -> 51.175 | BN6: =RANK(BM6,BM$5:BM$22) -> 6 | BO6: =VLOOKUP($A6,'2025'!$A:$IZ,222,FALSE) -> -0.852 | BP6: =RANK(BO6,BO$5:BO$22) -> 12 | BQ6: =106-(BF6+BH6+BN6+BP6+BJ6+BL6) -> 62 | BR6: =RANK(BQ6,BQ$5:BQ$22) -> 6 | BT6: =VLOOKUP($A6,'Ratings Season'!$A:$M,10,FALSE) -> 9.2 | BU6: =RANK(BT6,BT$5:BT$22) -> 4 | BV6: =VLOOKUP($A6,'Ratings Season'!$A:$M,12,FALSE) -> 9.7 | BW6: =RANK(BV6,BV$5:BV$22) -> 2 | BX6: =VLOOKUP($A6,'Ratings Season'!$A:$M,8,FALSE) -> 18.8 | BY6: =RANK(BX6,BX$5:BX$22) -> 3
A7: Carlton | B7: =VLOOKUP($A7,'2025'!$A:$IZ,222,FALSE) -> 2.565 | C7: =RANK(B7,B$5:B$22) -> 5 | D7: =VLOOKUP($A7,'2025'!$A:$IZ,218,FALSE) -> 2.913 | E7: =RANK(D7,D$5:D$22) -> 5 | F7: =VLOOKUP($A7,'2025'!$A:$IZ,49,FALSE) -> 73.099 | G7: =RANK(F7,F$5:F$22) -> 15 | H7: =VLOOKUP($A7,'2025'!$A:$IZ,229,FALSE) -> 3.609 | I7: =RANK(H7,H$5:H$22) -> 3 | J7: =104-(C7+E7+G7+I7) -> 76 | K7: =RANK(J7,J$5:J$22) -> 4 | M7: =VLOOKUP($A7,'2025'!$A:$IZ,88,FALSE) -> 11.828 | N7: =RANK(M7,M$5:M$22) -> 13 | O7: =VLOOKUP($A7,'2025'!$A:$IZ,84,FALSE) -> 19.429 | P7: =RANK(O7,O$5:O$22) -> 13 | Q7: =VLOOKUP($A7,'2025'!$A:$IZ,85,FALSE) -> 25.68 | R7: =RANK(Q7,Q$5:Q$22) -> 4 | S7: =VLOOKUP($A7,'2025'!$A:$IZ,29,FALSE) -> -0.947 | T7: =RANK(S7,S$5:S$22) -> 16 | U7: =104-(N7+P7+R7+T7) -> 58 | V7: =RANK(U7,U$5:U$22) -> 13 | X7: =VLOOKUP($A7,'2025'!$A:$IZ,65,FALSE) -> 40.876 | Y7: =RANK(X7,X$5:X$22) -> 16 | Z7: =VLOOKUP($A7,'2025'!$A:$IZ,64,FALSE) -> 21.006 | AA7: =RANK(Z7,Z$5:Z$22) -> 15 | AB7: =VLOOKUP($A7,'2025'!$A:$IZ,63,FALSE) -> 46.92 | AC7: =RANK(AB7,AB$5:AB$22) -> 10 | AD7: =VLOOKUP($A7,'2025'!$A:$IZ,71,FALSE) -> -1.806 | AE7: =RANK(AD7,AD$5:AD$22) -> 14 | AF7: =104-(Y7+AA7+AC7+AE7) -> 49 | AG7: =RANK(AF7,AF$5:AF$22) -> 14 | AI7: =VLOOKUP($A7,'2025'!$A:$IZ,183,FALSE) -> 8.559 | AJ7: =RANK(AI7,AI$5:AI$22,1) -> 3 | AK7: =VLOOKUP($A7,'2025'!$A:$IZ,181,FALSE) -> 19.364 | AL7: =RANK(AK7,AK$5:AK$22,1) -> 6 | AM7: =VLOOKUP($A7,'2025'!$A:$IZ,182,FALSE) -> 22.002 | AN7: =RANK(AM7,AM$5:AM$22,1) -> 8 | AO7: =VLOOKUP($A7,'2025'!$A:$IZ,163,FALSE) -> 24.421 | AP7: =RANK(AO7,AO$5:AO$22,1) -> 11 | AQ7: =104-(AJ7+AL7+AN7+AP7) -> 76 | AR7: =RANK(AQ7,AQ$5:AQ$22) -> 6 | AT7: =VLOOKUP($A7,'2025'!$A:$IZ,250,FALSE) -> 0.217 | AU7: =RANK(AT7,AT$5:AT$22,0) -> 10 | AV7: =VLOOKUP($A7,'2025'!$A:$IZ,92,FALSE) -> 11.652 | AW7: =RANK(AV7,AV$5:AV$22,0) -> 6 | AX7: =VLOOKUP($A7,'2025'!$A:$IZ,93,FALSE) -> 272.217 | AY7: =RANK(AX7,AX$5:AX$22,0) -> 6 | AZ7: =VLOOKUP($A7,'2025'!$A:$IZ,108,FALSE) -> 43.217 | BA7: =RANK(AZ7,AZ$5:AZ$22,0) -> 8 | BB7: =104-(AU7+AW7+AY7+BA7) -> 74 | BC7: =RANK(BB7,BB$5:BB$22) -> 4 | BE7: =VLOOKUP($A7,'2025'!$A:$IZ,80,FALSE) -> 42.696 | BF7: =RANK(BE7,BE$5:BE$22) -> 13 | BG7: =VLOOKUP($A7,'2025'!$A:$IZ,177,FALSE) -> 44.087 | BH7: =RANK(BG7,BG$5:BG$22,1) -> 8 | BI7: =VLOOKUP($A7,'2025'!$A:$IZ,79,FALSE) -> 32.304 | BJ7: =RANK(BI7,BI$5:BI$22) -> 12 | BK7: =VLOOKUP($A7,'2025'!$A:$IZ,176,FALSE) -> 32.043 | BL7: =RANK(BK7,BK$5:BK$22,1) -> 7 | BM7: =VLOOKUP($A7,'2025'!$A:$IZ,11,FALSE) -> 51.102 | BN7: =RANK(BM7,BM$5:BM$22) -> 7 | BO7: =VLOOKUP($A7,'2025'!$A:$IZ,222,FALSE) -> 2.565 | BP7: =RANK(BO7,BO$5:BO$22) -> 5 | BQ7: =106-(BF7+BH7+BN7+BP7+BJ7+BL7) -> 54 | BR7: =RANK(BQ7,BQ$5:BQ$22) -> 8 | BT7: =VLOOKUP($A7,'Ratings Season'!$A:$M,10,FALSE) -> -6.7 | BU7: =RANK(BT7,BT$5:BT$22) -> 14 | BV7: =VLOOKUP($A7,'Ratings Season'!$A:$M,12,FALSE) -> 4.1 | BW7: =RANK(BV7,BV$5:BV$22) -> 8 | BX7: =VLOOKUP($A7,'Ratings Season'!$A:$M,8,FALSE) -> -2.6 | BY7: =RANK(BX7,BX$5:BX$22) -> 10
A8: Collingwood | B8: =VLOOKUP($A8,'2025'!$A:$IZ,222,FALSE) -> -1.4 | C8: =RANK(B8,B$5:B$22) -> 13 | D8: =VLOOKUP($A8,'2025'!$A:$IZ,218,FALSE) -> -6.16 | E8: =RANK(D8,D$5:D$22) -> 16 | F8: =VLOOKUP($A8,'2025'!$A:$IZ,49,FALSE) -> 72.271 | G8: =RANK(F8,F$5:F$22) -> 17 | H8: =VLOOKUP($A8,'2025'!$A:$IZ,229,FALSE) -> -2.16 | I8: =RANK(H8,H$5:H$22) -> 14 | J8: =104-(C8+E8+G8+I8) -> 44 | K8: =RANK(J8,J$5:J$22) -> 15 | M8: =VLOOKUP($A8,'2025'!$A:$IZ,88,FALSE) -> 12.692 | N8: =RANK(M8,M$5:M$22) -> 11 | O8: =VLOOKUP($A8,'2025'!$A:$IZ,84,FALSE) -> 21.47 | P8: =RANK(O8,O$5:O$22) -> 5 | Q8: =VLOOKUP($A8,'2025'!$A:$IZ,85,FALSE) -> 21.922 | R8: =RANK(Q8,Q$5:Q$22) -> 10 | S8: =VLOOKUP($A8,'2025'!$A:$IZ,29,FALSE) -> -0.004 | T8: =RANK(S8,S$5:S$22) -> 11 | U8: =104-(N8+P8+R8+T8) -> 67 | V8: =RANK(U8,U$5:U$22) -> 9 | X8: =VLOOKUP($A8,'2025'!$A:$IZ,65,FALSE) -> 45.256 | Y8: =RANK(X8,X$5:X$22) -> 6 | Z8: =VLOOKUP($A8,'2025'!$A:$IZ,64,FALSE) -> 23.193 | AA8: =RANK(Z8,Z$5:Z$22) -> 10 | AB8: =VLOOKUP($A8,'2025'!$A:$IZ,63,FALSE) -> 46.88 | AC8: =RANK(AB8,AB$5:AB$22) -> 11 | AD8: =VLOOKUP($A8,'2025'!$A:$IZ,71,FALSE) -> 0.577 | AE8: =RANK(AD8,AD$5:AD$22) -> 7 | AF8: =104-(Y8+AA8+AC8+AE8) -> 70 | AG8: =RANK(AF8,AF$5:AF$22) -> 8 | AI8: =VLOOKUP($A8,'2025'!$A:$IZ,183,FALSE) -> 9.481 | AJ8: =RANK(AI8,AI$5:AI$22,1) -> 12 | AK8: =VLOOKUP($A8,'2025'!$A:$IZ,181,FALSE) -> 17.353 | AL8: =RANK(AK8,AK$5:AK$22,1) -> 1 | AM8: =VLOOKUP($A8,'2025'!$A:$IZ,182,FALSE) -> 22.388 | AN8: =RANK(AM8,AM$5:AM$22,1) -> 10 | AO8: =VLOOKUP($A8,'2025'!$A:$IZ,163,FALSE) -> 21.423 | AP8: =RANK(AO8,AO$5:AO$22,1) -> 4 | AQ8: =104-(AJ8+AL8+AN8+AP8) -> 77 | AR8: =RANK(AQ8,AQ$5:AQ$22) -> 5 | AT8: =VLOOKUP($A8,'2025'!$A:$IZ,250,FALSE) -> 12.44 | AU8: =RANK(AT8,AT$5:AT$22,0) -> 1 | AV8: =VLOOKUP($A8,'2025'!$A:$IZ,92,FALSE) -> 13 | AW8: =RANK(AV8,AV$5:AV$22,0) -> 2 | AX8: =VLOOKUP($A8,'2025'!$A:$IZ,93,FALSE) -> 274.68 | AY8: =RANK(AX8,AX$5:AX$22,0) -> 4 | AZ8: =VLOOKUP($A8,'2025'!$A:$IZ,108,FALSE) -> 44.56 | BA8: =RANK(AZ8,AZ$5:AZ$22,0) -> 4 | BB8: =104-(AU8+AW8+AY8+BA8) -> 93 | BC8: =RANK(BB8,BB$5:BB$22) -> 1 | BE8: =VLOOKUP($A8,'2025'!$A:$IZ,80,FALSE) -> 51.36 | BF8: =RANK(BE8,BE$5:BE$22) -> 5 | BG8: =VLOOKUP($A8,'2025'!$A:$IZ,177,FALSE) -> 34.84 | BH8: =RANK(BG8,BG$5:BG$22,1) -> 1 | BI8: =VLOOKUP($A8,'2025'!$A:$IZ,79,FALSE) -> 31.6 | BJ8: =RANK(BI8,BI$5:BI$22) -> 15 | BK8: =VLOOKUP($A8,'2025'!$A:$IZ,176,FALSE) -> 32.36 | BL8: =RANK(BK8,BK$5:BK$22,1) -> 8 | BM8: =VLOOKUP($A8,'2025'!$A:$IZ,11,FALSE) -> 53.265 | BN8: =RANK(BM8,BM$5:BM$22) -> 2 | BO8: =VLOOKUP($A8,'2025'!$A:$IZ,222,FALSE) -> -1.4 | BP8: =RANK(BO8,BO$5:BO$22) -> 13 | BQ8: =106-(BF8+BH8+BN8+BP8+BJ8+BL8) -> 62 | BR8: =RANK(BQ8,BQ$5:BQ$22) -> 6 | BT8: =VLOOKUP($A8,'Ratings Season'!$A:$M,10,FALSE) -> 3.3 | BU8: =RANK(BT8,BT$5:BT$22) -> 8 | BV8: =VLOOKUP($A8,'Ratings Season'!$A:$M,12,FALSE) -> 14.3 | BW8: =RANK(BV8,BV$5:BV$22) -> 1 | BX8: =VLOOKUP($A8,'Ratings Season'!$A:$M,8,FALSE) -> 17.6 | BY8: =RANK(BX8,BX$5:BX$22) -> 5
A9: Essendon | B9: =VLOOKUP($A9,'2025'!$A:$IZ,222,FALSE) -> 0.522 | C9: =RANK(B9,B$5:B$22) -> 8 | D9: =VLOOKUP($A9,'2025'!$A:$IZ,218,FALSE) -> 1.565 | E9: =RANK(D9,D$5:D$22) -> 7 | F9: =VLOOKUP($A9,'2025'!$A:$IZ,49,FALSE) -> 74.505 | G9: =RANK(F9,F$5:F$22) -> 10 | H9: =VLOOKUP($A9,'2025'!$A:$IZ,229,FALSE) -> -1.174 | I9: =RANK(H9,H$5:H$22) -> 11 | J9: =104-(C9+E9+G9+I9) -> 68 | K9: =RANK(J9,J$5:J$22) -> 11 | M9: =VLOOKUP($A9,'2025'!$A:$IZ,88,FALSE) -> 10.392 | N9: =RANK(M9,M$5:M$22) -> 17 | O9: =VLOOKUP($A9,'2025'!$A:$IZ,84,FALSE) -> 17.543 | P9: =RANK(O9,O$5:O$22) -> 17 | Q9: =VLOOKUP($A9,'2025'!$A:$IZ,85,FALSE) -> 20.042 | R9: =RANK(Q9,Q$5:Q$22) -> 17 | S9: =VLOOKUP($A9,'2025'!$A:$IZ,29,FALSE) -> -2.285 | T9: =RANK(S9,S$5:S$22) -> 18 | U9: =104-(N9+P9+R9+T9) -> 35 | V9: =RANK(U9,U$5:U$22) -> 18 | X9: =VLOOKUP($A9,'2025'!$A:$IZ,65,FALSE) -> 40.428 | Y9: =RANK(X9,X$5:X$22) -> 17 | Z9: =VLOOKUP($A9,'2025'!$A:$IZ,64,FALSE) -> 20.446 | AA9: =RANK(Z9,Z$5:Z$22) -> 16 | AB9: =VLOOKUP($A9,'2025'!$A:$IZ,63,FALSE) -> 46.316 | AC9: =RANK(AB9,AB$5:AB$22) -> 13 | AD9: =VLOOKUP($A9,'2025'!$A:$IZ,71,FALSE) -> -1.429 | AE9: =RANK(AD9,AD$5:AD$22) -> 11 | AF9: =104-(Y9+AA9+AC9+AE9) -> 47 | AG9: =RANK(AF9,AF$5:AF$22) -> 15 | AI9: =VLOOKUP($A9,'2025'!$A:$IZ,183,FALSE) -> 13.373 | AJ9: =RANK(AI9,AI$5:AI$22,1) -> 18 | AK9: =VLOOKUP($A9,'2025'!$A:$IZ,181,FALSE) -> 23.324 | AL9: =RANK(AK9,AK$5:AK$22,1) -> 15 | AM9: =VLOOKUP($A9,'2025'!$A:$IZ,182,FALSE) -> 30.178 | AN9: =RANK(AM9,AM$5:AM$22,1) -> 18 | AO9: =VLOOKUP($A9,'2025'!$A:$IZ,163,FALSE) -> 25.817 | AP9: =RANK(AO9,AO$5:AO$22,1) -> 15 | AQ9: =104-(AJ9+AL9+AN9+AP9) -> 38 | AR9: =RANK(AQ9,AQ$5:AQ$22) -> 16 | AT9: =VLOOKUP($A9,'2025'!$A:$IZ,250,FALSE) -> 3.783 | AU9: =RANK(AT9,AT$5:AT$22,0) -> 3 | AV9: =VLOOKUP($A9,'2025'!$A:$IZ,92,FALSE) -> 8.783 | AW9: =RANK(AV9,AV$5:AV$22,0) -> 17 | AX9: =VLOOKUP($A9,'2025'!$A:$IZ,93,FALSE) -> 272.478 | AY9: =RANK(AX9,AX$5:AX$22,0) -> 5 | AZ9: =VLOOKUP($A9,'2025'!$A:$IZ,108,FALSE) -> 37.565 | BA9: =RANK(AZ9,AZ$5:AZ$22,0) -> 18 | BB9: =104-(AU9+AW9+AY9+BA9) -> 61 | BC9: =RANK(BB9,BB$5:BB$22) -> 12 | BE9: =VLOOKUP($A9,'2025'!$A:$IZ,80,FALSE) -> 36.957 | BF9: =RANK(BE9,BE$5:BE$22) -> 16 | BG9: =VLOOKUP($A9,'2025'!$A:$IZ,177,FALSE) -> 59.348 | BH9: =RANK(BG9,BG$5:BG$22,1) -> 17 | BI9: =VLOOKUP($A9,'2025'!$A:$IZ,79,FALSE) -> 26.826 | BJ9: =RANK(BI9,BI$5:BI$22) -> 16 | BK9: =VLOOKUP($A9,'2025'!$A:$IZ,176,FALSE) -> 31.652 | BL9: =RANK(BK9,BK$5:BK$22,1) -> 6 | BM9: =VLOOKUP($A9,'2025'!$A:$IZ,11,FALSE) -> 46.882 | BN9: =RANK(BM9,BM$5:BM$22) -> 15 | BO9: =VLOOKUP($A9,'2025'!$A:$IZ,222,FALSE) -> 0.522 | BP9: =RANK(BO9,BO$5:BO$22) -> 8 | BQ9: =106-(BF9+BH9+BN9+BP9+BJ9+BL9) -> 28 | BR9: =RANK(BQ9,BQ$5:BQ$22) -> 14 | BT9: =VLOOKUP($A9,'Ratings Season'!$A:$M,10,FALSE) -> -15.5 | BU9: =RANK(BT9,BT$5:BT$22) -> 16 | BV9: =VLOOKUP($A9,'Ratings Season'!$A:$M,12,FALSE) -> -8.3 | BW9: =RANK(BV9,BV$5:BV$22) -> 15 | BX9: =VLOOKUP($A9,'Ratings Season'!$A:$M,8,FALSE) -> -23.8 | BY9: =RANK(BX9,BX$5:BX$22) -> 16
A10: Fremantle | B10: =VLOOKUP($A10,'2025'!$A:$IZ,222,FALSE) -> -1.917 | C10: =RANK(B10,B$5:B$22) -> 14 | D10: =VLOOKUP($A10,'2025'!$A:$IZ,218,FALSE) -> -2.292 | E10: =RANK(D10,D$5:D$22) -> 14 | F10: =VLOOKUP($A10,'2025'!$A:$IZ,49,FALSE) -> 75.852 | G10: =RANK(F10,F$5:F$22) -> 7 | H10: =VLOOKUP($A10,'2025'!$A:$IZ,229,FALSE) -> 1.375 | I10: =RANK(H10,H$5:H$22) -> 7 | J10: =104-(C10+E10+G10+I10) -> 62 | K10: =RANK(J10,J$5:J$22) -> 13 | M10: =VLOOKUP($A10,'2025'!$A:$IZ,88,FALSE) -> 13.674 | N10: =RANK(M10,M$5:M$22) -> 7 | O10: =VLOOKUP($A10,'2025'!$A:$IZ,84,FALSE) -> 21.141 | P10: =RANK(O10,O$5:O$22) -> 8 | Q10: =VLOOKUP($A10,'2025'!$A:$IZ,85,FALSE) -> 21.099 | R10: =RANK(Q10,Q$5:Q$22) -> 11 | S10: =VLOOKUP($A10,'2025'!$A:$IZ,29,FALSE) -> -0.347 | T10: =RANK(S10,S$5:S$22) -> 12 | U10: =104-(N10+P10+R10+T10) -> 66 | V10: =RANK(U10,U$5:U$22) -> 10 | X10: =VLOOKUP($A10,'2025'!$A:$IZ,65,FALSE) -> 44.171 | Y10: =RANK(X10,X$5:X$22) -> 12 | Z10: =VLOOKUP($A10,'2025'!$A:$IZ,64,FALSE) -> 23.791 | AA10: =RANK(Z10,Z$5:Z$22) -> 8 | AB10: =VLOOKUP($A10,'2025'!$A:$IZ,63,FALSE) -> 48.94 | AC10: =RANK(AB10,AB$5:AB$22) -> 8 | AD10: =VLOOKUP($A10,'2025'!$A:$IZ,71,FALSE) -> -0.057 | AE10: =RANK(AD10,AD$5:AD$22) -> 8 | AF10: =104-(Y10+AA10+AC10+AE10) -> 68 | AG10: =RANK(AF10,AF$5:AF$22) -> 10 | AI10: =VLOOKUP($A10,'2025'!$A:$IZ,183,FALSE) -> 9.016 | AJ10: =RANK(AI10,AI$5:AI$22,1) -> 8 | AK10: =VLOOKUP($A10,'2025'!$A:$IZ,181,FALSE) -> 19.512 | AL10: =RANK(AK10,AK$5:AK$22,1) -> 8 | AM10: =VLOOKUP($A10,'2025'!$A:$IZ,182,FALSE) -> 20.829 | AN10: =RANK(AM10,AM$5:AM$22,1) -> 3 | AO10: =VLOOKUP($A10,'2025'!$A:$IZ,163,FALSE) -> 23.43 | AP10: =RANK(AO10,AO$5:AO$22,1) -> 9 | AQ10: =104-(AJ10+AL10+AN10+AP10) -> 76 | AR10: =RANK(AQ10,AQ$5:AQ$22) -> 6 | AT10: =VLOOKUP($A10,'2025'!$A:$IZ,250,FALSE) -> -4.25 | AU10: =RANK(AT10,AT$5:AT$22,0) -> 14 | AV10: =VLOOKUP($A10,'2025'!$A:$IZ,92,FALSE) -> 10.292 | AW10: =RANK(AV10,AV$5:AV$22,0) -> 13 | AX10: =VLOOKUP($A10,'2025'!$A:$IZ,93,FALSE) -> 262.25 | AY10: =RANK(AX10,AX$5:AX$22,0) -> 13 | AZ10: =VLOOKUP($A10,'2025'!$A:$IZ,108,FALSE) -> 45.125 | BA10: =RANK(AZ10,AZ$5:AZ$22,0) -> 3 | BB10: =104-(AU10+AW10+AY10+BA10) -> 61 | BC10: =RANK(BB10,BB$5:BB$22) -> 12 | BE10: =VLOOKUP($A10,'2025'!$A:$IZ,80,FALSE) -> 47.833 | BF10: =RANK(BE10,BE$5:BE$22) -> 9 | BG10: =VLOOKUP($A10,'2025'!$A:$IZ,177,FALSE) -> 43.5 | BH10: =RANK(BG10,BG$5:BG$22,1) -> 7 | BI10: =VLOOKUP($A10,'2025'!$A:$IZ,79,FALSE) -> 33.542 | BJ10: =RANK(BI10,BI$5:BI$22) -> 9 | BK10: =VLOOKUP($A10,'2025'!$A:$IZ,176,FALSE) -> 32.625 | BL10: =RANK(BK10,BK$5:BK$22,1) -> 9 | BM10: =VLOOKUP($A10,'2025'!$A:$IZ,11,FALSE) -> 49.844 | BN10: =RANK(BM10,BM$5:BM$22) -> 11 | BO10: =VLOOKUP($A10,'2025'!$A:$IZ,222,FALSE) -> -1.917 | BP10: =RANK(BO10,BO$5:BO$22) -> 14 | BQ10: =106-(BF10+BH10+BN10+BP10+BJ10+BL10) -> 47 | BR10: =RANK(BQ10,BQ$5:BQ$22) -> 11 | BT10: =VLOOKUP($A10,'Ratings Season'!$A:$M,10,FALSE) -> 0.3 | BU10: =RANK(BT10,BT$5:BT$22) -> 9 | BV10: =VLOOKUP($A10,'Ratings Season'!$A:$M,12,FALSE) -> 5.4 | BW10: =RANK(BV10,BV$5:BV$22) -> 7 | BX10: =VLOOKUP($A10,'Ratings Season'!$A:$M,8,FALSE) -> 5.7 | BY10: =RANK(BX10,BX$5:BX$22) -> 9
A11: Geelong | B11: =VLOOKUP($A11,'2025'!$A:$IZ,222,FALSE) -> 5.731 | C11: =RANK(B11,B$5:B$22) -> 2 | D11: =VLOOKUP($A11,'2025'!$A:$IZ,218,FALSE) -> 3.692 | E11: =RANK(D11,D$5:D$22) -> 3 | F11: =VLOOKUP($A11,'2025'!$A:$IZ,49,FALSE) -> 73.161 | G11: =RANK(F11,F$5:F$22) -> 14 | H11: =VLOOKUP($A11,'2025'!$A:$IZ,229,FALSE) -> 0.038 | I11: =RANK(H11,H$5:H$22) -> 10 | J11: =104-(C11+E11+G11+I11) -> 75 | K11: =RANK(J11,J$5:J$22) -> 5 | M11: =VLOOKUP($A11,'2025'!$A:$IZ,88,FALSE) -> 15.822 | N11: =RANK(M11,M$5:M$22) -> 2 | O11: =VLOOKUP($A11,'2025'!$A:$IZ,84,FALSE) -> 25.087 | P11: =RANK(O11,O$5:O$22) -> 2 | Q11: =VLOOKUP($A11,'2025'!$A:$IZ,85,FALSE) -> 28.661 | R11: =RANK(Q11,Q$5:Q$22) -> 1 | S11: =VLOOKUP($A11,'2025'!$A:$IZ,29,FALSE) -> 4.798 | T11: =RANK(S11,S$5:S$22) -> 1 | U11: =104-(N11+P11+R11+T11) -> 98 | V11: =RANK(U11,U$5:U$22) -> 1 | X11: =VLOOKUP($A11,'2025'!$A:$IZ,65,FALSE) -> 49.658 | Y11: =RANK(X11,X$5:X$22) -> 2 | Z11: =VLOOKUP($A11,'2025'!$A:$IZ,64,FALSE) -> 27.322 | AA11: =RANK(Z11,Z$5:Z$22) -> 2 | AB11: =VLOOKUP($A11,'2025'!$A:$IZ,63,FALSE) -> 51.086 | AC11: =RANK(AB11,AB$5:AB$22) -> 5 | AD11: =VLOOKUP($A11,'2025'!$A:$IZ,71,FALSE) -> 2.598 | AE11: =RANK(AD11,AD$5:AD$22) -> 4 | AF11: =104-(Y11+AA11+AC11+AE11) -> 91 | AG11: =RANK(AF11,AF$5:AF$22) -> 3 | AI11: =VLOOKUP($A11,'2025'!$A:$IZ,183,FALSE) -> 8.77 | AJ11: =RANK(AI11,AI$5:AI$22,1) -> 5 | AK11: =VLOOKUP($A11,'2025'!$A:$IZ,181,FALSE) -> 19.077 | AL11: =RANK(AK11,AK$5:AK$22,1) -> 4 | AM11: =VLOOKUP($A11,'2025'!$A:$IZ,182,FALSE) -> 22.476 | AN11: =RANK(AM11,AM$5:AM$22,1) -> 11 | AO11: =VLOOKUP($A11,'2025'!$A:$IZ,163,FALSE) -> 22.593 | AP11: =RANK(AO11,AO$5:AO$22,1) -> 6 | AQ11: =104-(AJ11+AL11+AN11+AP11) -> 78 | AR11: =RANK(AQ11,AQ$5:AQ$22) -> 4 | AT11: =VLOOKUP($A11,'2025'!$A:$IZ,250,FALSE) -> 2.385 | AU11: =RANK(AT11,AT$5:AT$22,0) -> 6 | AV11: =VLOOKUP($A11,'2025'!$A:$IZ,92,FALSE) -> 14.077 | AW11: =RANK(AV11,AV$5:AV$22,0) -> 1 | AX11: =VLOOKUP($A11,'2025'!$A:$IZ,93,FALSE) -> 278.615 | AY11: =RANK(AX11,AX$5:AX$22,0) -> 2 | AZ11: =VLOOKUP($A11,'2025'!$A:$IZ,108,FALSE) -> 39.385 | BA11: =RANK(AZ11,AZ$5:AZ$22,0) -> 17 | BB11: =104-(AU11+AW11+AY11+BA11) -> 78 | BC11: =RANK(BB11,BB$5:BB$22) -> 3 | BE11: =VLOOKUP($A11,'2025'!$A:$IZ,80,FALSE) -> 59.192 | BF11: =RANK(BE11,BE$5:BE$22) -> 1 | BG11: =VLOOKUP($A11,'2025'!$A:$IZ,177,FALSE) -> 41.808 | BH11: =RANK(BG11,BG$5:BG$22,1) -> 5 | BI11: =VLOOKUP($A11,'2025'!$A:$IZ,79,FALSE) -> 40.962 | BJ11: =RANK(BI11,BI$5:BI$22) -> 2 | BK11: =VLOOKUP($A11,'2025'!$A:$IZ,176,FALSE) -> 31.077 | BL11: =RANK(BK11,BK$5:BK$22,1) -> 5 | BM11: =VLOOKUP($A11,'2025'!$A:$IZ,11,FALSE) -> 53.19 | BN11: =RANK(BM11,BM$5:BM$22) -> 3 | BO11: =VLOOKUP($A11,'2025'!$A:$IZ,222,FALSE) -> 5.731 | BP11: =RANK(BO11,BO$5:BO$22) -> 2 | BQ11: =106-(BF11+BH11+BN11+BP11+BJ11+BL11) -> 88 | BR11: =RANK(BQ11,BQ$5:BQ$22) -> 1 | BT11: =VLOOKUP($A11,'Ratings Season'!$A:$M,10,FALSE) -> 19.2 | BU11: =RANK(BT11,BT$5:BT$22) -> 2 | BV11: =VLOOKUP($A11,'Ratings Season'!$A:$M,12,FALSE) -> 6.4 | BW11: =RANK(BV11,BV$5:BV$22) -> 6 | BX11: =VLOOKUP($A11,'Ratings Season'!$A:$M,8,FALSE) -> 25.6 | BY11: =RANK(BX11,BX$5:BX$22) -> 1
A12: Gold Coast | B12: =VLOOKUP($A12,'2025'!$A:$IZ,222,FALSE) -> -0.04 | C12: =RANK(B12,B$5:B$22) -> 10 | D12: =VLOOKUP($A12,'2025'!$A:$IZ,218,FALSE) -> -1.24 | E12: =RANK(D12,D$5:D$22) -> 13 | F12: =VLOOKUP($A12,'2025'!$A:$IZ,49,FALSE) -> 76.888 | G12: =RANK(F12,F$5:F$22) -> 2 | H12: =VLOOKUP($A12,'2025'!$A:$IZ,229,FALSE) -> 3.28 | I12: =RANK(H12,H$5:H$22) -> 4 | J12: =104-(C12+E12+G12+I12) -> 75 | K12: =RANK(J12,J$5:J$22) -> 5 | M12: =VLOOKUP($A12,'2025'!$A:$IZ,88,FALSE) -> 13.164 | N12: =RANK(M12,M$5:M$22) -> 8 | O12: =VLOOKUP($A12,'2025'!$A:$IZ,84,FALSE) -> 22.468 | P12: =RANK(O12,O$5:O$22) -> 3 | Q12: =VLOOKUP($A12,'2025'!$A:$IZ,85,FALSE) -> 24.867 | R12: =RANK(Q12,Q$5:Q$22) -> 6 | S12: =VLOOKUP($A12,'2025'!$A:$IZ,29,FALSE) -> 1.796 | T12: =RANK(S12,S$5:S$22) -> 6 | U12: =104-(N12+P12+R12+T12) -> 81 | V12: =RANK(U12,U$5:U$22) -> 5 | X12: =VLOOKUP($A12,'2025'!$A:$IZ,65,FALSE) -> 44.744 | Y12: =RANK(X12,X$5:X$22) -> 9 | Z12: =VLOOKUP($A12,'2025'!$A:$IZ,64,FALSE) -> 23.722 | AA12: =RANK(Z12,Z$5:Z$22) -> 9 | AB12: =VLOOKUP($A12,'2025'!$A:$IZ,63,FALSE) -> 50.226 | AC12: =RANK(AB12,AB$5:AB$22) -> 6 | AD12: =VLOOKUP($A12,'2025'!$A:$IZ,71,FALSE) -> 0.684 | AE12: =RANK(AD12,AD$5:AD$22) -> 6 | AF12: =104-(Y12+AA12+AC12+AE12) -> 74 | AG12: =RANK(AF12,AF$5:AF$22) -> 7 | AI12: =VLOOKUP($A12,'2025'!$A:$IZ,183,FALSE) -> 9.701 | AJ12: =RANK(AI12,AI$5:AI$22,1) -> 13 | AK12: =VLOOKUP($A12,'2025'!$A:$IZ,181,FALSE) -> 19.165 | AL12: =RANK(AK12,AK$5:AK$22,1) -> 5 | AM12: =VLOOKUP($A12,'2025'!$A:$IZ,182,FALSE) -> 23.579 | AN12: =RANK(AM12,AM$5:AM$22,1) -> 12 | AO12: =VLOOKUP($A12,'2025'!$A:$IZ,163,FALSE) -> 22.474 | AP12: =RANK(AO12,AO$5:AO$22,1) -> 5 | AQ12: =104-(AJ12+AL12+AN12+AP12) -> 69 | AR12: =RANK(AQ12,AQ$5:AQ$22) -> 10 | AT12: =VLOOKUP($A12,'2025'!$A:$IZ,250,FALSE) -> -3.88 | AU12: =RANK(AT12,AT$5:AT$22,0) -> 13 | AV12: =VLOOKUP($A12,'2025'!$A:$IZ,92,FALSE) -> 11.24 | AW12: =RANK(AV12,AV$5:AV$22,0) -> 8 | AX12: =VLOOKUP($A12,'2025'!$A:$IZ,93,FALSE) -> 266.56 | AY12: =RANK(AX12,AX$5:AX$22,0) -> 11 | AZ12: =VLOOKUP($A12,'2025'!$A:$IZ,108,FALSE) -> 47.52 | BA12: =RANK(AZ12,AZ$5:AZ$22,0) -> 1 | BB12: =104-(AU12+AW12+AY12+BA12) -> 71 | BC12: =RANK(BB12,BB$5:BB$22) -> 8 | BE12: =VLOOKUP($A12,'2025'!$A:$IZ,80,FALSE) -> 48.96 | BF12: =RANK(BE12,BE$5:BE$22) -> 8 | BG12: =VLOOKUP($A12,'2025'!$A:$IZ,177,FALSE) -> 43.04 | BH12: =RANK(BG12,BG$5:BG$22,1) -> 6 | BI12: =VLOOKUP($A12,'2025'!$A:$IZ,79,FALSE) -> 38.92 | BJ12: =RANK(BI12,BI$5:BI$22) -> 3 | BK12: =VLOOKUP($A12,'2025'!$A:$IZ,176,FALSE) -> 29.76 | BL12: =RANK(BK12,BK$5:BK$22,1) -> 2 | BM12: =VLOOKUP($A12,'2025'!$A:$IZ,11,FALSE) -> 52.922 | BN12: =RANK(BM12,BM$5:BM$22) -> 4 | BO12: =VLOOKUP($A12,'2025'!$A:$IZ,222,FALSE) -> -0.04 | BP12: =RANK(BO12,BO$5:BO$22) -> 10 | BQ12: =106-(BF12+BH12+BN12+BP12+BJ12+BL12) -> 73 | BR12: =RANK(BQ12,BQ$5:BQ$22) -> 4 | BT12: =VLOOKUP($A12,'Ratings Season'!$A:$M,10,FALSE) -> 8.4 | BU12: =RANK(BT12,BT$5:BT$22) -> 5 | BV12: =VLOOKUP($A12,'Ratings Season'!$A:$M,12,FALSE) -> 7.5 | BW12: =RANK(BV12,BV$5:BV$22) -> 5 | BX12: =VLOOKUP($A12,'Ratings Season'!$A:$M,8,FALSE) -> 15.9 | BY12: =RANK(BX12,BX$5:BX$22) -> 7
A13: Greater Western Sydney | B13: =VLOOKUP($A13,'2025'!$A:$IZ,222,FALSE) -> 0.417 | C13: =RANK(B13,B$5:B$22) -> 9 | D13: =VLOOKUP($A13,'2025'!$A:$IZ,218,FALSE) -> -0.333 | E13: =RANK(D13,D$5:D$22) -> 11 | F13: =VLOOKUP($A13,'2025'!$A:$IZ,49,FALSE) -> 75.812 | G13: =RANK(F13,F$5:F$22) -> 8 | H13: =VLOOKUP($A13,'2025'!$A:$IZ,229,FALSE) -> -2.083 | I13: =RANK(H13,H$5:H$22) -> 13 | J13: =104-(C13+E13+G13+I13) -> 63 | K13: =RANK(J13,J$5:J$22) -> 12 | M13: =VLOOKUP($A13,'2025'!$A:$IZ,88,FALSE) -> 13.959 | N13: =RANK(M13,M$5:M$22) -> 4 | O13: =VLOOKUP($A13,'2025'!$A:$IZ,84,FALSE) -> 21.369 | P13: =RANK(O13,O$5:O$22) -> 7 | Q13: =VLOOKUP($A13,'2025'!$A:$IZ,85,FALSE) -> 24.59 | R13: =RANK(Q13,Q$5:Q$22) -> 7 | S13: =VLOOKUP($A13,'2025'!$A:$IZ,29,FALSE) -> 2.175 | T13: =RANK(S13,S$5:S$22) -> 4 | U13: =104-(N13+P13+R13+T13) -> 82 | V13: =RANK(U13,U$5:U$22) -> 4 | X13: =VLOOKUP($A13,'2025'!$A:$IZ,65,FALSE) -> 46.57 | Y13: =RANK(X13,X$5:X$22) -> 3 | Z13: =VLOOKUP($A13,'2025'!$A:$IZ,64,FALSE) -> 26.231 | AA13: =RANK(Z13,Z$5:Z$22) -> 4 | AB13: =VLOOKUP($A13,'2025'!$A:$IZ,63,FALSE) -> 51.343 | AC13: =RANK(AB13,AB$5:AB$22) -> 4 | AD13: =VLOOKUP($A13,'2025'!$A:$IZ,71,FALSE) -> 4.308 | AE13: =RANK(AD13,AD$5:AD$22) -> 3 | AF13: =104-(Y13+AA13+AC13+AE13) -> 90 | AG13: =RANK(AF13,AF$5:AF$22) -> 4 | AI13: =VLOOKUP($A13,'2025'!$A:$IZ,183,FALSE) -> 8.215 | AJ13: =RANK(AI13,AI$5:AI$22,1) -> 2 | AK13: =VLOOKUP($A13,'2025'!$A:$IZ,181,FALSE) -> 21.055 | AL13: =RANK(AK13,AK$5:AK$22,1) -> 11 | AM13: =VLOOKUP($A13,'2025'!$A:$IZ,182,FALSE) -> 22.234 | AN13: =RANK(AM13,AM$5:AM$22,1) -> 9 | AO13: =VLOOKUP($A13,'2025'!$A:$IZ,163,FALSE) -> 20.553 | AP13: =RANK(AO13,AO$5:AO$22,1) -> 2 | AQ13: =104-(AJ13+AL13+AN13+AP13) -> 80 | AR13: =RANK(AQ13,AQ$5:AQ$22) -> 3 | AT13: =VLOOKUP($A13,'2025'!$A:$IZ,250,FALSE) -> 7.125 | AU13: =RANK(AT13,AT$5:AT$22,0) -> 2 | AV13: =VLOOKUP($A13,'2025'!$A:$IZ,92,FALSE) -> 10.583 | AW13: =RANK(AV13,AV$5:AV$22,0) -> 12 | AX13: =VLOOKUP($A13,'2025'!$A:$IZ,93,FALSE) -> 261.542 | AY13: =RANK(AX13,AX$5:AX$22,0) -> 15 | AZ13: =VLOOKUP($A13,'2025'!$A:$IZ,108,FALSE) -> 43.958 | BA13: =RANK(AZ13,AZ$5:AZ$22,0) -> 6 | BB13: =104-(AU13+AW13+AY13+BA13) -> 69 | BC13: =RANK(BB13,BB$5:BB$22) -> 9 | BE13: =VLOOKUP($A13,'2025'!$A:$IZ,80,FALSE) -> 49.292 | BF13: =RANK(BE13,BE$5:BE$22) -> 7 | BG13: =VLOOKUP($A13,'2025'!$A:$IZ,177,FALSE) -> 44.75 | BH13: =RANK(BG13,BG$5:BG$22,1) -> 10 | BI13: =VLOOKUP($A13,'2025'!$A:$IZ,79,FALSE) -> 36.542 | BJ13: =RANK(BI13,BI$5:BI$22) -> 5 | BK13: =VLOOKUP($A13,'2025'!$A:$IZ,176,FALSE) -> 33.75 | BL13: =RANK(BK13,BK$5:BK$22,1) -> 12 | BM13: =VLOOKUP($A13,'2025'!$A:$IZ,11,FALSE) -> 47.708 | BN13: =RANK(BM13,BM$5:BM$22) -> 14 | BO13: =VLOOKUP($A13,'2025'!$A:$IZ,222,FALSE) -> 0.417 | BP13: =RANK(BO13,BO$5:BO$22) -> 9 | BQ13: =106-(BF13+BH13+BN13+BP13+BJ13+BL13) -> 49 | BR13: =RANK(BQ13,BQ$5:BQ$22) -> 10 | BT13: =VLOOKUP($A13,'Ratings Season'!$A:$M,10,FALSE) -> 5.9 | BU13: =RANK(BT13,BT$5:BT$22) -> 7 | BV13: =VLOOKUP($A13,'Ratings Season'!$A:$M,12,FALSE) -> 1.2 | BW13: =RANK(BV13,BV$5:BV$22) -> 10 | BX13: =VLOOKUP($A13,'Ratings Season'!$A:$M,8,FALSE) -> 7.1 | BY13: =RANK(BX13,BX$5:BX$22) -> 8
A14: Hawthorn | B14: =VLOOKUP($A14,'2025'!$A:$IZ,222,FALSE) -> 5.038 | C14: =RANK(B14,B$5:B$22) -> 4 | D14: =VLOOKUP($A14,'2025'!$A:$IZ,218,FALSE) -> -0.192 | E14: =RANK(D14,D$5:D$22) -> 10 | F14: =VLOOKUP($A14,'2025'!$A:$IZ,49,FALSE) -> 73.567 | G14: =RANK(F14,F$5:F$22) -> 12 | H14: =VLOOKUP($A14,'2025'!$A:$IZ,229,FALSE) -> -2.654 | I14: =RANK(H14,H$5:H$22) -> 16 | J14: =104-(C14+E14+G14+I14) -> 62 | K14: =RANK(J14,J$5:J$22) -> 13 | M14: =VLOOKUP($A14,'2025'!$A:$IZ,88,FALSE) -> 13.141 | N14: =RANK(M14,M$5:M$22) -> 9 | O14: =VLOOKUP($A14,'2025'!$A:$IZ,84,FALSE) -> 20.794 | P14: =RANK(O14,O$5:O$22) -> 9 | Q14: =VLOOKUP($A14,'2025'!$A:$IZ,85,FALSE) -> 23.048 | R14: =RANK(Q14,Q$5:Q$22) -> 9 | S14: =VLOOKUP($A14,'2025'!$A:$IZ,29,FALSE) -> 3.272 | T14: =RANK(S14,S$5:S$22) -> 3 | U14: =104-(N14+P14+R14+T14) -> 74 | V14: =RANK(U14,U$5:U$22) -> 6 | X14: =VLOOKUP($A14,'2025'!$A:$IZ,65,FALSE) -> 45.309 | Y14: =RANK(X14,X$5:X$22) -> 5 | Z14: =VLOOKUP($A14,'2025'!$A:$IZ,64,FALSE) -> 24.945 | AA14: =RANK(Z14,Z$5:Z$22) -> 6 | AB14: =VLOOKUP($A14,'2025'!$A:$IZ,63,FALSE) -> 50.146 | AC14: =RANK(AB14,AB$5:AB$22) -> 7 | AD14: =VLOOKUP($A14,'2025'!$A:$IZ,71,FALSE) -> 2.396 | AE14: =RANK(AD14,AD$5:AD$22) -> 5 | AF14: =104-(Y14+AA14+AC14+AE14) -> 81 | AG14: =RANK(AF14,AF$5:AF$22) -> 5 | AI14: =VLOOKUP($A14,'2025'!$A:$IZ,183,FALSE) -> 8.829 | AJ14: =RANK(AI14,AI$5:AI$22,1) -> 6 | AK14: =VLOOKUP($A14,'2025'!$A:$IZ,181,FALSE) -> 18.739 | AL14: =RANK(AK14,AK$5:AK$22,1) -> 3 | AM14: =VLOOKUP($A14,'2025'!$A:$IZ,182,FALSE) -> 20.714 | AN14: =RANK(AM14,AM$5:AM$22,1) -> 2 | AO14: =VLOOKUP($A14,'2025'!$A:$IZ,163,FALSE) -> 20.942 | AP14: =RANK(AO14,AO$5:AO$22,1) -> 3 | AQ14: =104-(AJ14+AL14+AN14+AP14) -> 90 | AR14: =RANK(AQ14,AQ$5:AQ$22) -> 2 | AT14: =VLOOKUP($A14,'2025'!$A:$IZ,250,FALSE) -> -4.346 | AU14: =RANK(AT14,AT$5:AT$22,0) -> 15 | AV14: =VLOOKUP($A14,'2025'!$A:$IZ,92,FALSE) -> 11.692 | AW14: =RANK(AV14,AV$5:AV$22,0) -> 5 | AX14: =VLOOKUP($A14,'2025'!$A:$IZ,93,FALSE) -> 278.654 | AY14: =RANK(AX14,AX$5:AX$22,0) -> 1 | AZ14: =VLOOKUP($A14,'2025'!$A:$IZ,108,FALSE) -> 43.192 | BA14: =RANK(AZ14,AZ$5:AZ$22,0) -> 9 | BB14: =104-(AU14+AW14+AY14+BA14) -> 74 | BC14: =RANK(BB14,BB$5:BB$22) -> 4 | BE14: =VLOOKUP($A14,'2025'!$A:$IZ,80,FALSE) -> 49.346 | BF14: =RANK(BE14,BE$5:BE$22) -> 6 | BG14: =VLOOKUP($A14,'2025'!$A:$IZ,177,FALSE) -> 38.962 | BH14: =RANK(BG14,BG$5:BG$22,1) -> 2 | BI14: =VLOOKUP($A14,'2025'!$A:$IZ,79,FALSE) -> 36.077 | BJ14: =RANK(BI14,BI$5:BI$22) -> 6 | BK14: =VLOOKUP($A14,'2025'!$A:$IZ,176,FALSE) -> 33.077 | BL14: =RANK(BK14,BK$5:BK$22,1) -> 10 | BM14: =VLOOKUP($A14,'2025'!$A:$IZ,11,FALSE) -> 51.059 | BN14: =RANK(BM14,BM$5:BM$22) -> 8 | BO14: =VLOOKUP($A14,'2025'!$A:$IZ,222,FALSE) -> 5.038 | BP14: =RANK(BO14,BO$5:BO$22) -> 4 | BQ14: =106-(BF14+BH14+BN14+BP14+BJ14+BL14) -> 70 | BR14: =RANK(BQ14,BQ$5:BQ$22) -> 5 | BT14: =VLOOKUP($A14,'Ratings Season'!$A:$M,10,FALSE) -> 6.9 | BU14: =RANK(BT14,BT$5:BT$22) -> 6 | BV14: =VLOOKUP($A14,'Ratings Season'!$A:$M,12,FALSE) -> 9.2 | BW14: =RANK(BV14,BV$5:BV$22) -> 3 | BX14: =VLOOKUP($A14,'Ratings Season'!$A:$M,8,FALSE) -> 16.1 | BY14: =RANK(BX14,BX$5:BX$22) -> 6
A15: Melbourne | B15: =VLOOKUP($A15,'2025'!$A:$IZ,222,FALSE) -> 5.304 | C15: =RANK(B15,B$5:B$22) -> 3 | D15: =VLOOKUP($A15,'2025'!$A:$IZ,218,FALSE) -> 2.652 | E15: =RANK(D15,D$5:D$22) -> 6 | F15: =VLOOKUP($A15,'2025'!$A:$IZ,49,FALSE) -> 72.325 | G15: =RANK(F15,F$5:F$22) -> 16 | H15: =VLOOKUP($A15,'2025'!$A:$IZ,229,FALSE) -> 0.957 | I15: =RANK(H15,H$5:H$22) -> 9 | J15: =104-(C15+E15+G15+I15) -> 70 | K15: =RANK(J15,J$5:J$22) -> 9 | M15: =VLOOKUP($A15,'2025'!$A:$IZ,88,FALSE) -> 12.595 | N15: =RANK(M15,M$5:M$22) -> 12 | O15: =VLOOKUP($A15,'2025'!$A:$IZ,84,FALSE) -> 21.468 | P15: =RANK(O15,O$5:O$22) -> 6 | Q15: =VLOOKUP($A15,'2025'!$A:$IZ,85,FALSE) -> 24.085 | R15: =RANK(Q15,Q$5:Q$22) -> 8 | S15: =VLOOKUP($A15,'2025'!$A:$IZ,29,FALSE) -> 1.325 | T15: =RANK(S15,S$5:S$22) -> 9 | U15: =104-(N15+P15+R15+T15) -> 69 | V15: =RANK(U15,U$5:U$22) -> 8 | X15: =VLOOKUP($A15,'2025'!$A:$IZ,65,FALSE) -> 45.058 | Y15: =RANK(X15,X$5:X$22) -> 7 | Z15: =VLOOKUP($A15,'2025'!$A:$IZ,64,FALSE) -> 22.323 | AA15: =RANK(Z15,Z$5:Z$22) -> 12 | AB15: =VLOOKUP($A15,'2025'!$A:$IZ,63,FALSE) -> 44.572 | AC15: =RANK(AB15,AB$5:AB$22) -> 16 | AD15: =VLOOKUP($A15,'2025'!$A:$IZ,71,FALSE) -> -3.635 | AE15: =RANK(AD15,AD$5:AD$22) -> 17 | AF15: =104-(Y15+AA15+AC15+AE15) -> 52 | AG15: =RANK(AF15,AF$5:AF$22) -> 12 | AI15: =VLOOKUP($A15,'2025'!$A:$IZ,183,FALSE) -> 10.182 | AJ15: =RANK(AI15,AI$5:AI$22,1) -> 14 | AK15: =VLOOKUP($A15,'2025'!$A:$IZ,181,FALSE) -> 21.208 | AL15: =RANK(AK15,AK$5:AK$22,1) -> 12 | AM15: =VLOOKUP($A15,'2025'!$A:$IZ,182,FALSE) -> 24.064 | AN15: =RANK(AM15,AM$5:AM$22,1) -> 13 | AO15: =VLOOKUP($A15,'2025'!$A:$IZ,163,FALSE) -> 26.572 | AP15: =RANK(AO15,AO$5:AO$22,1) -> 16 | AQ15: =104-(AJ15+AL15+AN15+AP15) -> 49 | AR15: =RANK(AQ15,AQ$5:AQ$22) -> 14 | AT15: =VLOOKUP($A15,'2025'!$A:$IZ,250,FALSE) -> 2.696 | AU15: =RANK(AT15,AT$5:AT$22,0) -> 5 | AV15: =VLOOKUP($A15,'2025'!$A:$IZ,92,FALSE) -> 11.435 | AW15: =RANK(AV15,AV$5:AV$22,0) -> 7 | AX15: =VLOOKUP($A15,'2025'!$A:$IZ,93,FALSE) -> 261.739 | AY15: =RANK(AX15,AX$5:AX$22,0) -> 14 | AZ15: =VLOOKUP($A15,'2025'!$A:$IZ,108,FALSE) -> 40.565 | BA15: =RANK(AZ15,AZ$5:AZ$22,0) -> 12 | BB15: =104-(AU15+AW15+AY15+BA15) -> 66 | BC15: =RANK(BB15,BB$5:BB$22) -> 11 | BE15: =VLOOKUP($A15,'2025'!$A:$IZ,80,FALSE) -> 45.174 | BF15: =RANK(BE15,BE$5:BE$22) -> 11 | BG15: =VLOOKUP($A15,'2025'!$A:$IZ,177,FALSE) -> 48.261 | BH15: =RANK(BG15,BG$5:BG$22,1) -> 12 | BI15: =VLOOKUP($A15,'2025'!$A:$IZ,79,FALSE) -> 32.913 | BJ15: =RANK(BI15,BI$5:BI$22) -> 10 | BK15: =VLOOKUP($A15,'2025'!$A:$IZ,176,FALSE) -> 35.391 | BL15: =RANK(BK15,BK$5:BK$22,1) -> 13 | BM15: =VLOOKUP($A15,'2025'!$A:$IZ,11,FALSE) -> 51.448 | BN15: =RANK(BM15,BM$5:BM$22) -> 5 | BO15: =VLOOKUP($A15,'2025'!$A:$IZ,222,FALSE) -> 5.304 | BP15: =RANK(BO15,BO$5:BO$22) -> 3 | BQ15: =106-(BF15+BH15+BN15+BP15+BJ15+BL15) -> 52 | BR15: =RANK(BQ15,BQ$5:BQ$22) -> 9 | BT15: =VLOOKUP($A15,'Ratings Season'!$A:$M,10,FALSE) -> -0.8 | BU15: =RANK(BT15,BT$5:BT$22) -> 10 | BV15: =VLOOKUP($A15,'Ratings Season'!$A:$M,12,FALSE) -> -2.9 | BW15: =RANK(BV15,BV$5:BV$22) -> 12 | BX15: =VLOOKUP($A15,'Ratings Season'!$A:$M,8,FALSE) -> -3.7 | BY15: =RANK(BX15,BX$5:BX$22) -> 12
A16: North Melbourne | B16: =VLOOKUP($A16,'2025'!$A:$IZ,222,FALSE) -> -5.087 | C16: =RANK(B16,B$5:B$22) -> 15 | D16: =VLOOKUP($A16,'2025'!$A:$IZ,218,FALSE) -> 0.652 | E16: =RANK(D16,D$5:D$22) -> 8 | F16: =VLOOKUP($A16,'2025'!$A:$IZ,49,FALSE) -> 76.131 | G16: =RANK(F16,F$5:F$22) -> 6 | H16: =VLOOKUP($A16,'2025'!$A:$IZ,229,FALSE) -> 2.609 | I16: =RANK(H16,H$5:H$22) -> 6 | J16: =104-(C16+E16+G16+I16) -> 69 | K16: =RANK(J16,J$5:J$22) -> 10 | M16: =VLOOKUP($A16,'2025'!$A:$IZ,88,FALSE) -> 10.385 | N16: =RANK(M16,M$5:M$22) -> 18 | O16: =VLOOKUP($A16,'2025'!$A:$IZ,84,FALSE) -> 18.814 | P16: =RANK(O16,O$5:O$22) -> 15 | Q16: =VLOOKUP($A16,'2025'!$A:$IZ,85,FALSE) -> 19.393 | R16: =RANK(Q16,Q$5:Q$22) -> 18 | S16: =VLOOKUP($A16,'2025'!$A:$IZ,29,FALSE) -> -0.573 | T16: =RANK(S16,S$5:S$22) -> 14 | U16: =104-(N16+P16+R16+T16) -> 39 | V16: =RANK(U16,U$5:U$22) -> 16 | X16: =VLOOKUP($A16,'2025'!$A:$IZ,65,FALSE) -> 44.34 | Y16: =RANK(X16,X$5:X$22) -> 11 | Z16: =VLOOKUP($A16,'2025'!$A:$IZ,64,FALSE) -> 25.189 | AA16: =RANK(Z16,Z$5:Z$22) -> 5 | AB16: =VLOOKUP($A16,'2025'!$A:$IZ,63,FALSE) -> 51.445 | AC16: =RANK(AB16,AB$5:AB$22) -> 3 | AD16: =VLOOKUP($A16,'2025'!$A:$IZ,71,FALSE) -> -0.111 | AE16: =RANK(AD16,AD$5:AD$22) -> 9 | AF16: =104-(Y16+AA16+AC16+AE16) -> 76 | AG16: =RANK(AF16,AF$5:AF$22) -> 6 | AI16: =VLOOKUP($A16,'2025'!$A:$IZ,183,FALSE) -> 12.341 | AJ16: =RANK(AI16,AI$5:AI$22,1) -> 15 | AK16: =VLOOKUP($A16,'2025'!$A:$IZ,181,FALSE) -> 25.485 | AL16: =RANK(AK16,AK$5:AK$22,1) -> 18 | AM16: =VLOOKUP($A16,'2025'!$A:$IZ,182,FALSE) -> 26.845 | AN16: =RANK(AM16,AM$5:AM$22,1) -> 16 | AO16: =VLOOKUP($A16,'2025'!$A:$IZ,163,FALSE) -> 27.067 | AP16: =RANK(AO16,AO$5:AO$22,1) -> 17 | AQ16: =104-(AJ16+AL16+AN16+AP16) -> 38 | AR16: =RANK(AQ16,AQ$5:AQ$22) -> 16 | AT16: =VLOOKUP($A16,'2025'!$A:$IZ,250,FALSE) -> -5.87 | AU16: =RANK(AT16,AT$5:AT$22,0) -> 16 | AV16: =VLOOKUP($A16,'2025'!$A:$IZ,92,FALSE) -> 10.652 | AW16: =RANK(AV16,AV$5:AV$22,0) -> 11 | AX16: =VLOOKUP($A16,'2025'!$A:$IZ,93,FALSE) -> 261.087 | AY16: =RANK(AX16,AX$5:AX$22,0) -> 16 | AZ16: =VLOOKUP($A16,'2025'!$A:$IZ,108,FALSE) -> 39.957 | BA16: =RANK(AZ16,AZ$5:AZ$22,0) -> 15 | BB16: =104-(AU16+AW16+AY16+BA16) -> 46 | BC16: =RANK(BB16,BB$5:BB$22) -> 18 | BE16: =VLOOKUP($A16,'2025'!$A:$IZ,80,FALSE) -> 35.739 | BF16: =RANK(BE16,BE$5:BE$22) -> 17 | BG16: =VLOOKUP($A16,'2025'!$A:$IZ,177,FALSE) -> 55.87 | BH16: =RANK(BG16,BG$5:BG$22,1) -> 16 | BI16: =VLOOKUP($A16,'2025'!$A:$IZ,79,FALSE) -> 37.783 | BJ16: =RANK(BI16,BI$5:BI$22) -> 4 | BK16: =VLOOKUP($A16,'2025'!$A:$IZ,176,FALSE) -> 42.348 | BL16: =RANK(BK16,BK$5:BK$22,1) -> 18 | BM16: =VLOOKUP($A16,'2025'!$A:$IZ,11,FALSE) -> 45.872 | BN16: =RANK(BM16,BM$5:BM$22) -> 18 | BO16: =VLOOKUP($A16,'2025'!$A:$IZ,222,FALSE) -> -5.087 | BP16: =RANK(BO16,BO$5:BO$22) -> 15 | BQ16: =106-(BF16+BH16+BN16+BP16+BJ16+BL16) -> 18 | BR16: =RANK(BQ16,BQ$5:BQ$22) -> 15 | BT16: =VLOOKUP($A16,'Ratings Season'!$A:$M,10,FALSE) -> -5.3 | BU16: =RANK(BT16,BT$5:BT$22) -> 13 | BV16: =VLOOKUP($A16,'Ratings Season'!$A:$M,12,FALSE) -> -16.1 | BW16: =RANK(BV16,BV$5:BV$22) -> 17 | BX16: =VLOOKUP($A16,'Ratings Season'!$A:$M,8,FALSE) -> -21.4 | BY16: =RANK(BX16,BX$5:BX$22) -> 15
... A22: Western Bulldogs | B22: =VLOOKUP($A22,'2025'!$A:$IZ,222,FALSE) -> 1.609 | C22: =RANK(B22,B$5:B$22) -> 6 | D22: =VLOOKUP($A22,'2025'!$A:$IZ,218,FALSE) -> 6.435 | E22: =RANK(D22,D$5:D$22) -> 2 | F22: =VLOOKUP($A22,'2025'!$A:$IZ,49,FALSE) -> 78.014 | G22: =RANK(F22,F$5:F$22) -> 1 | H22: =VLOOKUP($A22,'2025'!$A:$IZ,229,FALSE) -> 5.87 | I22: =RANK(H22,H$5:H$22) -> 1 | J22: =104-(C22+E22+G22+I22) -> 94 | K22: =RANK(J22,J$5:J$22) -> 1 | M22: =VLOOKUP($A22,'2025'!$A:$IZ,88,FALSE) -> 15.994 | N22: =RANK(M22,M$5:M$22) -> 1 | O22: =VLOOKUP($A22,'2025'!$A:$IZ,84,FALSE) -> 25.307 | P22: =RANK(O22,O$5:O$22) -> 1 | Q22: =VLOOKUP($A22,'2025'!$A:$IZ,85,FALSE) -> 27.636 | R22: =RANK(Q22,Q$5:Q$22) -> 2 | S22: =VLOOKUP($A22,'2025'!$A:$IZ,29,FALSE) -> 4.269 | T22: =RANK(S22,S$5:S$22) -> 2 | U22: =104-(N22+P22+R22+T22) -> 98 | V22: =RANK(U22,U$5:U$22) -> 1 | X22: =VLOOKUP($A22,'2025'!$A:$IZ,65,FALSE) -> 49.923 | Y22: =RANK(X22,X$5:X$22) -> 1 | Z22: =VLOOKUP($A22,'2025'!$A:$IZ,64,FALSE) -> 28.428 | AA22: =RANK(Z22,Z$5:Z$22) -> 1 | AB22: =VLOOKUP($A22,'2025'!$A:$IZ,63,FALSE) -> 53.324 | AC22: =RANK(AB22,AB$5:AB$22) -> 1 | AD22: =VLOOKUP($A22,'2025'!$A:$IZ,71,FALSE) -> 4.494 | AE22: =RANK(AD22,AD$5:AD$22) -> 2 | AF22: =104-(Y22+AA22+AC22+AE22) -> 99 | AG22: =RANK(AF22,AF$5:AF$22) -> 1 | AI22: =VLOOKUP($A22,'2025'!$A:$IZ,183,FALSE) -> 9.332 | AJ22: =RANK(AI22,AI$5:AI$22,1) -> 10 | AK22: =VLOOKUP($A22,'2025'!$A:$IZ,181,FALSE) -> 19.967 | AL22: =RANK(AK22,AK$5:AK$22,1) -> 9 | AM22: =VLOOKUP($A22,'2025'!$A:$IZ,182,FALSE) -> 21.103 | AN22: =RANK(AM22,AM$5:AM$22,1) -> 4 | AO22: =VLOOKUP($A22,'2025'!$A:$IZ,163,FALSE) -> 24.223 | AP22: =RANK(AO22,AO$5:AO$22,1) -> 10 | AQ22: =104-(AJ22+AL22+AN22+AP22) -> 71 | AR22: =RANK(AQ22,AQ$5:AQ$22) -> 9 | AT22: =VLOOKUP($A22,'2025'!$A:$IZ,250,FALSE) -> -6.696 | AU22: =RANK(AT22,AT$5:AT$22,0) -> 17 | AV22: =VLOOKUP($A22,'2025'!$A:$IZ,92,FALSE) -> 12.174 | AW22: =RANK(AV22,AV$5:AV$22,0) -> 3 | AX22: =VLOOKUP($A22,'2025'!$A:$IZ,93,FALSE) -> 266.783 | AY22: =RANK(AX22,AX$5:AX$22,0) -> 10 | AZ22: =VLOOKUP($A22,'2025'!$A:$IZ,108,FALSE) -> 43.87 | BA22: =RANK(AZ22,AZ$5:AZ$22,0) -> 7 | BB22: =104-(AU22+AW22+AY22+BA22) -> 67 | BC22: =RANK(BB22,BB$5:BB$22) -> 10 | BE22: =VLOOKUP($A22,'2025'!$A:$IZ,80,FALSE) -> 55.739 | BF22: =RANK(BE22,BE$5:BE$22) -> 3 | BG22: =VLOOKUP($A22,'2025'!$A:$IZ,177,FALSE) -> 44.13 | BH22: =RANK(BG22,BG$5:BG$22,1) -> 9 | BI22: =VLOOKUP($A22,'2025'!$A:$IZ,79,FALSE) -> 47.565 | BJ22: =RANK(BI22,BI$5:BI$22) -> 1 | BK22: =VLOOKUP($A22,'2025'!$A:$IZ,176,FALSE) -> 30.087 | BL22: =RANK(BK22,BK$5:BK$22,1) -> 3 | BM22: =VLOOKUP($A22,'2025'!$A:$IZ,11,FALSE) -> 54.035 | BN22: =RANK(BM22,BM$5:BM$22) -> 1 | BO22: =VLOOKUP($A22,'2025'!$A:$IZ,222,FALSE) -> 1.609 | BP22: =RANK(BO22,BO$5:BO$22) -> 6 | BQ22: =106-(BF22+BH22+BN22+BP22+BJ22+BL22) -> 83 | BR22: =RANK(BQ22,BQ$5:BQ$22) -> 2 | BT22: =VLOOKUP($A22,'Ratings Season'!$A:$M,10,FALSE) -> 21.5 | BU22: =RANK(BT22,BT$5:BT$22) -> 1 | BV22: =VLOOKUP($A22,'Ratings Season'!$A:$M,12,FALSE) -> 3.7 | BW22: =RANK(BV22,BV$5:BV$22) -> 9 | BX22: =VLOOKUP($A22,'Ratings Season'!$A:$M,8,FALSE) -> 25.2 | BY22: =RANK(BX22,BX$5:BX$22) -> 2

Sheet 2024 Summary
A1: SEASON TOTAL | B1: 2024
A3: Team | B3: Ball Winning | M3: Ball Movement | X3: Scoring | AI3: Defence | AT3: Pressure | BE3: Health Check | BT3: Wheelo Ratings
B4: Post Clear CP Diff | C4: Rank | D4: Ground Ball Diff | E4: Rank | F4: 1st Poss to Clear % | G4: Rank | H4: Clearance Diff | I4: Rank | J4: Ball Winning Ranking | K4: Rank | M4: Def Half to Score % | N4: Rank | O4: Chain to Score % | P4: Rank | Q4: D50 to F50 % | R4: Rank | S4: Kick Rating | T4: Rank | U4: Ball Movement Ranking | V4: Rank | X4: Scores per I50 % | Y4: Rank | Z4: Goals Per I 50 % | AA4: Rank | AB4: Accuracy % | AC4: Rank | AD4: +/- Exp Score | AE4: Rank | AF4: Scoring Ranking | AG4: Rank | AI4: Def Half to Score Ag % | AJ4: Rank | AK4: Chain to Score Ag % | AL4: Rank | AM4: D50 to F50 Ag % | AN4: Rank | AO4: Goals per I50 Ag % | AP4: Rank | AQ4: Defence Ranking | AR4: Rank | AT4: Tackle Diff | AU4: Rank | AV4: F50 Tackles | AW4: Rank | AX4: Pressure Acts | AY4: Rank | AZ4: 1%'ers | BA4: Rank | BB4: Pressure Ranking | BC4: Rank | BE4: Score from Turnover For | BF4: Rank | BG4: Scores from Turnover Ag | BH4: Rank | BI4: Scores from Stoppages For | BJ4: Rank | BK4: Scores from Stoppage Ag | BL4: Rank | BM4: Territory % | BN4: Rank | BO4: Post-Clearance CP Diff | BP4: Rank | BQ4: Health Check Ranking | BR4: Rank | BT4: Attack Rating | BU4: Rank | BV4: Defence Rating | BW4: Rank | BX4: Overall Rating | BY4: Rank
